time;buy rate;sell rate
0;1,5;1,73372
1;1,5;1,59303
2;1,60253;1,6491
3;1,5;1,64212
4;1,5;1,63936
5;1,54376;1,63936
6;1,54099;1,61802
7;1,56864;1,63936
8;1,60284;1,6491
9;1,56356;1,6295
10;1,5;1,55617
11;1,52532;1,55365
12;1,53317;1,55033
13;1,51189;1,55033
14;1,52169;1,54336
15;1,52173;1,54336
16;1,50601;1,54336
17;1,51814;1,54336
18;1,51405;1,54336
19;1,5;1,53994
20;1,51664;1,53994
21;1,5236;1,53497
22;1,5195;1,53203
23;1,5;1,52611
24;1,51083;1,52271
25;1,51202;1,51693
26;1,51202;1,5149
27;1,51202;1,51467
28;1,5137;1,51467
29;1,51298;1,51424
30;1,50208;1,50749
31;1,5;1,50749
32;1,50516;1,50749
33;1,50296;1,50496
34;1,5;1,50385
35;1,50019;1,50061
36;1,5;1,5001
37;1,5;1,50009
38;1,5;1,50003
39;1,50001;1,50003
40;1,5;1,50003
41;1,5;1,50002
42;1,50001;1,50001
43;1,5;1,50001
44;1,5;1,50001
45;1,5;1,50001
46;1,50001;1,50001
47;1,5;1,50001
48;1,5;1,50001
49;1,5;1,50001
50;1,5;1,50001
51;1,5;1,50001
52;1,5;1,5
53;1,5;1,5
54;1,5;1,5
55;1,5;1,5
56;1,5;1,5
57;1,5;1,5
58;1,5;1,5
59;1,5;1,5
60;1,5;1,5
61;1,5;1,5
62;1,5;1,5
63;1,5;1,5
64;1,5;1,5
65;1,5;1,5
66;1,5;1,5
67;1,5;1,5
68;1,5;1,5
69;1,5;1,5
70;1,5;1,5
71;1,5;1,5
72;1,5;1,5
73;1,5;1,5
74;1,5;1,5
75;1,5;1,5
76;1,5;1,5
77;1,5;1,5
78;1,5;1,5
79;1,5;1,5
80;1,5;1,5
81;1,5;1,5
82;1,5;1,5
83;1,5;1,5
84;1,5;1,5
85;1,5;1,5
86;1,5;1,5
87;1,5;1,5
88;1,5;1,5
89;1,5;1,5
90;1,5;1,5
91;1,5;1,5
92;1,5;1,5
93;1,5;1,5
94;1,5;1,5
95;1,5;1,5
96;1,5;1,5
97;1,5;1,5
98;1,5;1,5
99;1,5;1,5
100;1,5;1,5
101;1,5;1,5
102;1,5;1,5
103;1,5;1,5
104;1,5;1,5
105;1,5;1,5
106;1,5;1,5
107;1,5;1,5
108;1,5;1,5
109;1,5;1,5
110;1,5;1,5
111;1,5;1,5
112;1,5;1,5
113;1,5;1,5
114;1,5;1,5
115;1,5;1,5
116;1,5;1,5
117;1,5;1,5
118;1,5;1,5
119;1,5;1,5
120;1,5;1,5
121;1,5;1,5
122;1,5;1,5
123;1,5;1,5
124;1,5;1,5
125;1,5;1,5
126;1,5;1,5
127;1,5;1,5
128;1,5;1,5
129;1,5;1,5
130;1,5;1,5
131;1,5;1,5
132;1,5;1,5
133;1,5;1,5
134;1,5;1,5
135;1,5;1,5
136;1,5;1,5
137;1,5;1,5
138;1,5;1,5
139;1,5;1,5
140;1,5;1,5
141;1,5;1,5
142;1,5;1,5
143;1,5;1,5
144;1,5;1,5
145;1,5;1,5
146;1,5;1,5
147;1,5;1,5
148;1,5;1,5
149;1,5;1,5
150;1,5;1,5
151;1,5;1,5
152;1,5;1,5
153;1,5;1,5
154;1,5;1,5
155;1,5;1,5
156;1,5;1,5
157;1,5;1,5
158;1,5;1,5
159;1,5;1,5
160;1,5;1,5
161;1,5;1,5
162;1,5;1,5
163;1,5;1,5
164;1,5;1,5
165;1,5;1,5
166;1,5;1,5
167;1,5;1,5
168;1,5;1,5
169;1,5;1,5
170;1,5;1,5
171;1,5;1,5
172;1,5;1,5
173;1,5;1,5
174;1,5;1,5
175;1,5;1,5
176;1,5;1,5
177;1,5;1,5
178;1,5;1,5
179;1,5;1,5
180;1,5;1,5
181;1,5;1,5
182;1,5;1,5
183;1,5;1,5
184;1,5;1,5
185;1,5;1,5
186;1,5;1,5
187;1,5;1,5
188;1,5;1,5
189;1,5;1,5
190;1,5;1,5
191;1,5;1,5
192;1,5;1,5
193;1,5;1,5
194;1,5;1,5
195;1,5;1,5
196;1,5;1,5
197;1,5;1,5
198;1,5;1,5
199;1,5;1,5
200;1,5;1,5
201;1,5;1,5
202;1,5;1,5
203;1,5;1,5
204;1,5;1,5
205;1,5;1,5
206;1,5;1,5
207;1,5;1,5
208;1,5;1,5
209;1,5;1,5
210;1,5;1,5
211;1,5;1,5
212;1,5;1,5
213;1,5;1,5
214;1,5;1,5
215;1,5;1,5
216;1,5;1,5
217;1,5;1,5
218;1,5;1,5
219;1,5;1,5
220;1,5;1,5
221;1,5;1,5
222;1,5;1,5
223;1,5;1,5
224;1,5;1,5
225;1,5;1,5
226;1,5;1,5
227;1,5;1,5
228;1,5;1,5
229;1,5;1,5
230;1,5;1,5
231;1,5;1,5
232;1,5;1,5
233;1,5;1,5
234;1,5;1,5
235;1,5;1,5
236;1,5;1,5
237;1,5;1,5
238;1,5;1,5
239;1,5;1,5
240;1,5;1,5
241;1,5;1,5
242;1,5;1,5
243;1,5;1,5
244;1,5;1,5
245;1,5;1,5
246;1,5;1,5
247;1,5;1,5
248;1,5;1,5
249;1,5;1,5
250;1,5;1,5
251;1,5;1,5
252;1,5;1,5
253;1,5;1,5
254;1,5;1,5
255;1,5;1,5
256;1,5;1,5
257;1,5;1,5
258;1,5;1,5
259;1,5;1,5
260;1,5;1,5
261;1,5;1,5
262;1,5;1,5
263;1,5;1,5
264;1,5;1,5
265;1,5;1,5
266;1,5;1,5
267;1,5;1,5
268;1,5;1,5
269;1,5;1,5
270;1,5;1,5
271;1,5;1,5
272;1,5;1,5
273;1,5;1,5
274;1,5;1,5
275;1,5;1,5
276;1,5;1,5
277;1,5;1,5
278;1,5;1,5
279;1,5;1,5
280;1,5;1,5
281;1,5;1,5
282;1,5;1,5
283;1,5;1,5
284;1,5;1,5
285;1,5;1,5
286;1,5;1,5
287;1,5;1,5
288;1,5;1,5
289;1,5;1,5
290;1,5;1,5
291;1,5;1,5
292;1,5;1,5
293;1,5;1,5
294;1,5;1,5
295;1,5;1,5
296;1,5;1,5
297;1,5;1,5
298;1,5;1,5
299;1,5;1,5
300;1,5;1,5
301;1,5;1,5
302;1,5;1,5
303;1,5;1,5
304;1,5;1,5
305;1,5;1,5
306;1,5;1,5
307;1,5;1,5
308;1,5;1,5
309;1,5;1,5
310;1,5;1,5
311;1,5;1,5
312;1,5;1,5
313;1,5;1,5
314;1,5;1,5
315;1,5;1,5
316;1,5;1,5
317;1,5;1,5
318;1,5;1,5
319;1,5;1,5
320;1,5;1,5
321;1,5;1,5
322;1,5;1,5
323;1,5;1,5
324;1,5;1,5
325;1,5;1,5
326;1,5;1,5
327;1,5;1,5
328;1,5;1,5
329;1,5;1,5
330;1,5;1,5
331;1,5;1,5
332;1,5;1,5
333;1,5;1,5
334;1,5;1,5
335;1,5;1,5
336;1,5;1,5
337;1,5;1,5
338;1,5;1,5
339;1,5;1,5
340;1,5;1,5
341;1,5;1,5
342;1,5;1,5
343;1,5;1,5
344;1,5;1,5
345;1,5;1,5
346;1,5;1,5
347;1,5;1,5
348;1,5;1,5
349;1,5;1,5
350;1,5;1,5
351;1,5;1,5
352;1,5;1,5
353;1,5;1,5
354;1,5;1,5
355;1,5;1,5
356;1,5;1,5
357;1,5;1,5
358;1,5;1,5
359;1,5;1,5
360;1,5;1,5
361;1,5;1,5
362;1,5;1,5
363;1,5;1,5
364;1,5;1,5
365;1,5;1,5
366;1,5;1,5
367;1,5;1,5
368;1,5;1,5
369;1,5;1,5
370;1,5;1,5
371;1,5;1,5
372;1,5;1,5
373;1,5;1,5
374;1,5;1,5
375;1,5;1,5
376;1,5;1,5
377;1,5;1,5
378;1,5;1,5
379;1,5;1,5
380;1,5;1,5
381;1,5;1,5
382;1,5;1,5
383;1,5;1,5
384;1,5;1,5
385;1,5;1,5
386;1,5;1,5
387;1,5;1,5
388;1,5;1,5
389;1,5;1,5
390;1,5;1,5
391;1,5;1,5
392;1,5;1,5
393;1,5;1,5
394;1,5;1,5
395;1,5;1,5
396;1,5;1,5
397;1,5;1,5
398;1,5;1,5
399;1,5;1,5
400;1,5;1,5
401;1,5;1,5
402;1,5;1,5
403;1,5;1,5
404;1,5;1,5
405;1,5;1,5
406;1,5;1,5
407;1,5;1,5
408;1,5;1,5
409;1,5;1,5
410;1,5;1,5
411;1,5;1,5
412;1,5;1,5
413;1,5;1,5
414;1,5;1,5
415;1,5;1,5
416;1,5;1,5
417;1,5;1,5
418;1,5;1,5
419;1,5;1,5
420;1,5;1,5
421;1,5;1,5
422;1,5;1,5
423;1,5;1,5
424;1,5;1,5
425;1,5;1,5
426;1,5;1,5
427;1,5;1,5
428;1,5;1,5
429;1,5;1,5
430;1,5;1,5
431;1,5;1,5
432;1,5;1,5
433;1,5;1,5
434;1,5;1,5
435;1,5;1,5
436;1,5;1,5
437;1,5;1,5
438;1,5;1,5
439;1,5;1,5
440;1,5;1,5
441;1,5;1,5
442;1,5;1,5
443;1,5;1,5
444;1,5;1,5
445;1,5;1,5
446;1,5;1,5
447;1,5;1,5
448;1,5;1,5
449;1,5;1,5
450;1,5;1,5
451;1,5;1,5
452;1,5;1,5
453;1,5;1,5
454;1,5;1,5
455;1,5;1,5
456;1,5;1,5
457;1,5;1,5
458;1,5;1,5
459;1,5;1,5
460;1,5;1,5
461;1,5;1,5
462;1,5;1,5
463;1,5;1,5
464;1,5;1,5
465;1,5;1,5
466;1,5;1,5
467;1,5;1,5
468;1,5;1,5
469;1,5;1,5
470;1,5;1,5
471;1,5;1,5
472;1,5;1,5
473;1,5;1,5
474;1,5;1,5
475;1,5;1,5
476;1,5;1,5
477;1,5;1,5
478;1,5;1,5
479;1,5;1,5
480;1,5;1,5
481;1,5;1,5
482;1,5;1,5
483;1,5;1,5
484;1,5;1,5
485;1,5;1,5
486;1,5;1,5
487;1,5;1,5
488;1,5;1,5
489;1,5;1,5
490;1,5;1,5
491;1,5;1,5
492;1,5;1,5
493;1,5;1,5
494;1,5;1,5
495;1,5;1,5
496;1,5;1,5
497;1,5;1,5
498;1,5;1,5
499;1,5;1,5
500;1,5;1,5
501;1,5;1,5
502;1,5;1,5
503;1,5;1,5
504;1,5;1,5
505;1,5;1,5
506;1,5;1,5
507;1,5;1,5
508;1,5;1,5
509;1,5;1,5
510;1,5;1,5
511;1,5;1,5
512;1,5;1,5
513;1,5;1,5
514;1,5;1,5
515;1,5;1,5
516;1,5;1,5
517;1,5;1,5
518;1,5;1,5
519;1,5;1,5
520;1,5;1,5
521;1,5;1,5
522;1,5;1,5
523;1,5;1,5
524;1,5;1,5
525;1,5;1,5
526;1,5;1,5
527;1,5;1,5
528;1,5;1,5
529;1,5;1,5
530;1,5;1,5
531;1,5;1,5
532;1,5;1,5
533;1,5;1,5
534;1,5;1,5
535;1,5;1,5
536;1,5;1,5
537;1,5;1,5
538;1,5;1,5
539;1,5;1,5
540;1,5;1,5
541;1,5;1,5
542;1,5;1,5
543;1,5;1,5
544;1,5;1,5
545;1,5;1,5
546;1,5;1,5
547;1,5;1,5
548;1,5;1,5
549;1,5;1,5
550;1,5;1,5
551;1,5;1,5
552;1,5;1,5
553;1,5;1,5
554;1,5;1,5
555;1,5;1,5
556;1,5;1,5
557;1,5;1,5
558;1,5;1,5
559;1,5;1,5
560;1,5;1,5
561;1,5;1,5
562;1,5;1,5
563;1,5;1,5
564;1,5;1,5
565;1,5;1,5
566;1,5;1,5
567;1,5;1,5
568;1,5;1,5
569;1,5;1,5
570;1,5;1,5
571;1,5;1,5
572;1,5;1,5
573;1,5;1,5
574;1,5;1,5
575;1,5;1,5
576;1,5;1,5
577;1,5;1,5
578;1,5;1,5
579;1,5;1,5
580;1,5;1,5
581;1,5;1,5
582;1,5;1,5
583;1,5;1,5
584;1,5;1,5
585;1,5;1,5
586;1,5;1,5
587;1,5;1,5
588;1,5;1,5
589;1,5;1,5
590;1,5;1,5
591;1,5;1,5
592;1,5;1,5
593;1,5;1,5
594;1,5;1,5
595;1,5;1,5
596;1,5;1,5
597;1,5;1,5
598;1,5;1,5
599;1,5;1,5
600;1,5;1,5
601;1,5;1,5
602;1,5;1,5
603;1,5;1,5
604;1,5;1,5
605;1,5;1,5
606;1,5;1,5
607;1,5;1,5
608;1,5;1,5
609;1,5;1,5
610;1,5;1,5
611;1,5;1,5
612;1,5;1,5
613;1,5;1,5
614;1,5;1,5
615;1,5;1,5
616;1,5;1,5
617;1,5;1,5
618;1,5;1,5
619;1,5;1,5
620;1,5;1,5
621;1,5;1,5
622;1,5;1,5
623;1,5;1,5
624;1,5;1,5
625;1,5;1,5
626;1,5;1,5
627;1,5;1,5
628;1,5;1,5
629;1,5;1,5
630;1,5;1,5
631;1,5;1,5
632;1,5;1,5
633;1,5;1,5
634;1,5;1,5
635;1,5;1,5
636;1,5;1,5
637;1,5;1,5
638;1,5;1,5
639;1,5;1,5
640;1,5;1,5
641;1,5;1,5
642;1,5;1,5
643;1,5;1,5
644;1,5;1,5
645;1,5;1,5
646;1,5;1,5
647;1,5;1,5
648;1,5;1,5
649;1,5;1,5
650;1,5;1,5
651;1,5;1,5
652;1,5;1,5
653;1,5;1,5
654;1,5;1,5
655;1,5;1,5
656;1,5;1,5
657;1,5;1,5
658;1,5;1,5
659;1,5;1,5
660;1,5;1,5
661;1,5;1,5
662;1,5;1,5
663;1,5;1,5
664;1,5;1,5
665;1,5;1,5
666;1,5;1,5
667;1,5;1,5
668;1,5;1,5
669;1,5;1,5
670;1,5;1,5
671;1,5;1,5
672;1,5;1,5
673;1,5;1,5
674;1,5;1,5
675;1,5;1,5
676;1,5;1,5
677;1,5;1,5
678;1,5;1,5
679;1,5;1,5
680;1,5;1,5
681;1,5;1,5
682;1,5;1,5
683;1,5;1,5
684;1,5;1,5
685;1,5;1,5
686;1,5;1,5
687;1,5;1,5
688;1,5;1,5
689;1,5;1,5
690;1,5;1,5
691;1,5;1,5
692;1,5;1,5
693;1,5;1,5
694;1,5;1,5
695;1,5;1,5
696;1,5;1,5
697;1,5;1,5
698;1,5;1,5
699;1,5;1,5
700;1,5;1,5
701;1,5;1,5
702;1,5;1,5
703;1,5;1,5
704;1,5;1,5
705;1,5;1,5
706;1,5;1,5
707;1,5;1,5
708;1,5;1,5
709;1,5;1,5
710;1,5;1,5
711;1,5;1,5
712;1,5;1,5
713;1,5;1,5
714;1,5;1,5
715;1,5;1,5
716;1,5;1,5
717;1,5;1,5
718;1,5;1,5
719;1,5;1,5
720;1,5;1,5
721;1,5;1,5
722;1,5;1,5
723;1,5;1,5
724;1,5;1,5
725;1,5;1,5
726;1,5;1,5
727;1,5;1,5
728;1,5;1,5
729;1,5;1,5
730;1,5;1,5
731;1,5;1,5
732;1,5;1,5
733;1,5;1,5
734;1,5;1,5
735;1,5;1,5
736;1,5;1,5
737;1,5;1,5
738;1,5;1,5
739;1,5;1,5
740;1,5;1,5
741;1,5;1,5
742;1,5;1,5
743;1,5;1,5
744;1,5;1,5
745;1,5;1,5
746;1,5;1,5
747;1,5;1,5
748;1,5;1,5
749;1,5;1,5
750;1,5;1,5
751;1,5;1,5
752;1,5;1,5
753;1,5;1,5
754;1,5;1,5
755;1,5;1,5
756;1,5;1,5
757;1,5;1,5
758;1,5;1,5
759;1,5;1,5
760;1,5;1,5
761;1,5;1,5
762;1,5;1,5
763;1,5;1,5
764;1,5;1,5
765;1,5;1,5
766;1,5;1,5
767;1,5;1,5
768;1,5;1,5
769;1,5;1,5
770;1,5;1,5
771;1,5;1,5
772;1,5;1,5
773;1,5;1,5
774;1,5;1,5
775;1,5;1,5
776;1,5;1,5
777;1,5;1,5
778;1,5;1,5
779;1,5;1,5
780;1,5;1,5
781;1,5;1,5
782;1,5;1,5
783;1,5;1,5
784;1,5;1,5
785;1,5;1,5
786;1,5;1,5
787;1,5;1,5
788;1,5;1,5
789;1,5;1,5
790;1,5;1,5
791;1,5;1,5
792;1,5;1,5
793;1,5;1,5
794;1,5;1,5
795;1,5;1,5
796;1,5;1,5
797;1,5;1,5
798;1,5;1,5
799;1,5;1,5
800;1,5;1,5
801;1,5;1,5
802;1,5;1,5
803;1,5;1,5
804;1,5;1,5
805;1,5;1,5
806;1,5;1,5
807;1,5;1,5
808;1,5;1,5
809;1,5;1,5
810;1,5;1,5
811;1,5;1,5
812;1,5;1,5
813;1,5;1,5
814;1,5;1,5
815;1,5;1,5
816;1,5;1,5
817;1,5;1,5
818;1,5;1,5
819;1,5;1,5
820;1,5;1,5
821;1,5;1,5
822;1,5;1,5
823;1,5;1,5
824;1,5;1,5
825;1,5;1,5
826;1,5;1,5
827;1,5;1,5
828;1,5;1,5
829;1,5;1,5
830;1,5;1,5
831;1,5;1,5
832;1,5;1,5
833;1,5;1,5
834;1,5;1,5
835;1,5;1,5
836;1,5;1,5
837;1,5;1,5
838;1,5;1,5
839;1,5;1,5
840;1,5;1,5
841;1,5;1,5
842;1,5;1,5
843;1,5;1,5
844;1,5;1,5
845;1,5;1,5
846;1,5;1,5
847;1,5;1,5
848;1,5;1,5
849;1,5;1,5
850;1,5;1,5
851;1,5;1,5
852;1,5;1,5
853;1,5;1,5
854;1,5;1,5
855;1,5;1,5
856;1,5;1,5
857;1,5;1,5
858;1,5;1,5
859;1,5;1,5
860;1,5;1,5
861;1,5;1,5
862;1,5;1,5
863;1,5;1,5
864;1,5;1,5
865;1,5;1,5
866;1,5;1,5
867;1,5;1,5
868;1,5;1,5
869;1,5;1,5
870;1,5;1,5
871;1,5;1,5
872;1,5;1,5
873;1,5;1,5
874;1,5;1,5
875;1,5;1,5
876;1,5;1,5
877;1,5;1,5
878;1,5;1,5
879;1,5;1,5
880;1,5;1,5
881;1,5;1,5
882;1,5;1,5
883;1,5;1,5
884;1,5;1,5
885;1,5;1,5
886;1,5;1,5
887;1,5;1,5
888;1,5;1,5
889;1,5;1,5
890;1,5;1,5
891;1,5;1,5
892;1,5;1,5
893;1,5;1,5
894;1,5;1,5
895;1,5;1,5
896;1,5;1,5
897;1,5;1,5
898;1,5;1,5
899;1,5;1,5
900;1,5;1,5
901;1,5;1,5
902;1,5;1,5
903;1,5;1,5
904;1,5;1,5
905;1,5;1,5
906;1,5;1,5
907;1,5;1,5
908;1,5;1,5
909;1,5;1,5
910;1,5;1,5
911;1,5;1,5
912;1,5;1,5
913;1,5;1,5
914;1,5;1,5
915;1,5;1,5
916;1,5;1,5
917;1,5;1,5
918;1,5;1,5
919;1,5;1,5
920;1,5;1,5
921;1,5;1,5
922;1,5;1,5
923;1,5;1,5
924;1,5;1,5
925;1,5;1,5
926;1,5;1,5
927;1,5;1,5
928;1,5;1,5
929;1,5;1,5
930;1,5;1,5
931;1,5;1,5
932;1,5;1,5
933;1,5;1,5
934;1,5;1,5
935;1,5;1,5
936;1,5;1,5
937;1,5;1,5
938;1,5;1,5
939;1,5;1,5
940;1,5;1,5
941;1,5;1,5
942;1,5;1,5
943;1,5;1,5
944;1,5;1,5
945;1,5;1,5
946;1,5;1,5
947;1,5;1,5
948;1,5;1,5
949;1,5;1,5
950;1,5;1,5
951;1,5;1,5
952;1,5;1,5
953;1,5;1,5
954;1,5;1,5
955;1,5;1,5
956;1,5;1,5
957;1,5;1,5
958;1,5;1,5
959;1,5;1,5
960;1,5;1,5
961;1,5;1,5
962;1,5;1,5
963;1,5;1,5
964;1,5;1,5
965;1,5;1,5
966;1,5;1,5
967;1,5;1,5
968;1,5;1,5
969;1,5;1,5
970;1,5;1,5
971;1,5;1,5
972;1,5;1,5
973;1,5;1,5
974;1,5;1,5
975;1,5;1,5
976;1,5;1,5
977;1,5;1,5
978;1,5;1,5
979;1,5;1,5
980;1,5;1,5
981;1,5;1,5
982;1,5;1,5
983;1,5;1,5
984;1,5;1,5
985;1,5;1,5
986;1,5;1,5
987;1,5;1,5
988;1,5;1,5
989;1,5;1,5
990;1,5;1,5
991;1,5;1,5
992;1,5;1,5
993;1,5;1,5
994;1,5;1,5
995;1,5;1,5
996;1,5;1,5
997;1,5;1,5
998;1,5;1,5
999;1,5;1,5
1 000;1,5;1,5
1 001;1,5;1,5
1 002;1,5;1,5
1 003;1,5;1,5
1 004;1,5;1,5
1 005;1,5;1,5
1 006;1,5;1,5
1 007;1,5;1,5
1 008;1,5;1,5
1 009;1,5;1,5
1 010;1,5;1,5
1 011;1,5;1,5
1 012;1,5;1,5
1 013;1,5;1,5
1 014;1,5;1,5
1 015;1,5;1,5
1 016;1,5;1,5
1 017;1,5;1,5
1 018;1,5;1,5
1 019;1,5;1,5
1 020;1,5;1,5
1 021;1,5;1,5
1 022;1,5;1,5
1 023;1,5;1,5
1 024;1,5;1,5
1 025;1,5;1,5
1 026;1,5;1,5
1 027;1,5;1,5
1 028;1,5;1,5
1 029;1,5;1,5
1 030;1,5;1,5
1 031;1,5;1,5
1 032;1,5;1,5
1 033;1,5;1,5
1 034;1,5;1,5
1 035;1,5;1,5
1 036;1,5;1,5
1 037;1,5;1,5
1 038;1,5;1,5
1 039;1,5;1,5
1 040;1,5;1,5
1 041;1,5;1,5
1 042;1,5;1,5
1 043;1,5;1,5
1 044;1,5;1,5
1 045;1,5;1,5
1 046;1,5;1,5
1 047;1,5;1,5
1 048;1,5;1,5
1 049;1,5;1,5
1 050;1,5;1,5
1 051;1,5;1,5
1 052;1,5;1,5
1 053;1,5;1,5
1 054;1,5;1,5
1 055;1,5;1,5
1 056;1,5;1,5
1 057;1,5;1,5
1 058;1,5;1,5
1 059;1,5;1,5
1 060;1,5;1,5
1 061;1,5;1,5
1 062;1,5;1,5
1 063;1,5;1,5
1 064;1,5;1,5
1 065;1,5;1,5
1 066;1,5;1,5
1 067;1,5;1,5
1 068;1,5;1,5
1 069;1,5;1,5
1 070;1,5;1,5
1 071;1,5;1,5
1 072;1,5;1,5
1 073;1,5;1,5
1 074;1,5;1,5
1 075;1,5;1,5
1 076;1,5;1,5
1 077;1,5;1,5
1 078;1,5;1,5
1 079;1,5;1,5
1 080;1,5;1,5
1 081;1,5;1,5
1 082;1,5;1,5
1 083;1,5;1,5
1 084;1,5;1,5
1 085;1,5;1,5
1 086;1,5;1,5
1 087;1,5;1,5
1 088;1,5;1,5
1 089;1,5;1,5
1 090;1,5;1,5
1 091;1,5;1,5
1 092;1,5;1,5
1 093;1,5;1,5
1 094;1,5;1,5
1 095;1,5;1,5
1 096;1,5;1,5
1 097;1,5;1,5
1 098;1,5;1,5
1 099;1,5;1,5
1 100;1,5;1,5
1 101;1,5;1,5
1 102;1,5;1,5
1 103;1,5;1,5
1 104;1,5;1,5
1 105;1,5;1,5
1 106;1,5;1,5
1 107;1,5;1,5
1 108;1,5;1,5
1 109;1,5;1,5
1 110;1,5;1,5
1 111;1,5;1,5
1 112;1,5;1,5
1 113;1,5;1,5
1 114;1,5;1,5
1 115;1,5;1,5
1 116;1,5;1,5
1 117;1,5;1,5
1 118;1,5;1,5
1 119;1,5;1,5
1 120;1,5;1,5
1 121;1,5;1,5
1 122;1,5;1,5
1 123;1,5;1,5
1 124;1,5;1,5
1 125;1,5;1,5
1 126;1,5;1,5
1 127;1,5;1,5
1 128;1,5;1,5
1 129;1,5;1,5
1 130;1,5;1,5
1 131;1,5;1,5
1 132;1,5;1,5
1 133;1,5;1,5
1 134;1,5;1,5
1 135;1,5;1,5
1 136;1,5;1,5
1 137;1,5;1,5
1 138;1,5;1,5
1 139;1,5;1,5
1 140;1,5;1,5
1 141;1,5;1,5
1 142;1,5;1,5
1 143;1,5;1,5
1 144;1,5;1,5
1 145;1,5;1,5
1 146;1,5;1,5
1 147;1,5;1,5
1 148;1,5;1,5
1 149;1,5;1,5
1 150;1,5;1,5
1 151;1,5;1,5
1 152;1,5;1,5
1 153;1,5;1,5
1 154;1,5;1,5
1 155;1,5;1,5
1 156;1,5;1,5
1 157;1,5;1,5
1 158;1,5;1,5
1 159;1,5;1,5
1 160;1,5;1,5
1 161;1,5;1,5
1 162;1,5;1,5
1 163;1,5;1,5
1 164;1,5;1,5
1 165;1,5;1,5
1 166;1,5;1,5
1 167;1,5;1,5
1 168;1,5;1,5
1 169;1,5;1,5
1 170;1,5;1,5
1 171;1,5;1,5
1 172;1,5;1,5
1 173;1,5;1,5
1 174;1,5;1,5
1 175;1,5;1,5
1 176;1,5;1,5
1 177;1,5;1,5
1 178;1,5;1,5
1 179;1,5;1,5
1 180;1,5;1,5
1 181;1,5;1,5
1 182;1,5;1,5
1 183;1,5;1,5
1 184;1,5;1,5
1 185;1,5;1,5
1 186;1,5;1,5
1 187;1,5;1,5
1 188;1,5;1,5
1 189;1,5;1,5
1 190;1,5;1,5
1 191;1,5;1,5
1 192;1,5;1,5
1 193;1,5;1,5
1 194;1,5;1,5
1 195;1,5;1,5
1 196;1,5;1,5
1 197;1,5;1,5
1 198;1,5;1,5
1 199;1,5;1,5
1 200;1,5;1,5
1 201;1,5;1,5
1 202;1,5;1,5
1 203;1,5;1,5
1 204;1,5;1,5
1 205;1,5;1,5
1 206;1,5;1,5
1 207;1,5;1,5
1 208;1,5;1,5
1 209;1,5;1,5
1 210;1,5;1,5
1 211;1,5;1,5
1 212;1,5;1,5
1 213;1,5;1,5
1 214;1,5;1,5
1 215;1,5;1,5
1 216;1,5;1,5
1 217;1,5;1,5
1 218;1,5;1,5
1 219;1,5;1,5
1 220;1,5;1,5
1 221;1,5;1,5
1 222;1,5;1,5
1 223;1,5;1,5
1 224;1,5;1,5
1 225;1,5;1,5
1 226;1,5;1,5
1 227;1,5;1,5
1 228;1,5;1,5
1 229;1,5;1,5
1 230;1,5;1,5
1 231;1,5;1,5
1 232;1,5;1,5
1 233;1,5;1,5
1 234;1,5;1,5
1 235;1,5;1,5
1 236;1,5;1,5
1 237;1,5;1,5
1 238;1,5;1,5
1 239;1,5;1,5
1 240;1,5;1,5
1 241;1,5;1,5
1 242;1,5;1,5
1 243;1,5;1,5
1 244;1,5;1,5
1 245;1,5;1,5
1 246;1,5;1,5
1 247;1,5;1,5
1 248;1,5;1,5
1 249;1,5;1,5
1 250;1,5;1,5
1 251;1,5;1,5
1 252;1,5;1,5
1 253;1,5;1,5
1 254;1,5;1,5
1 255;1,5;1,5
1 256;1,5;1,5
1 257;1,5;1,5
1 258;1,5;1,5
1 259;1,5;1,5
1 260;1,5;1,5
1 261;1,5;1,5
1 262;1,5;1,5
1 263;1,5;1,5
1 264;1,5;1,5
1 265;1,5;1,5
1 266;1,5;1,5
1 267;1,5;1,5
1 268;1,5;1,5
1 269;1,5;1,5
1 270;1,5;1,5
1 271;1,5;1,5
1 272;1,5;1,5
1 273;1,5;1,5
1 274;1,5;1,5
1 275;1,5;1,5
1 276;1,5;1,5
1 277;1,5;1,5
1 278;1,5;1,5
1 279;1,5;1,5
1 280;1,5;1,5
1 281;1,5;1,5
1 282;1,5;1,5
1 283;1,5;1,5
1 284;1,5;1,5
1 285;1,5;1,5
1 286;1,5;1,5
1 287;1,5;1,5
1 288;1,5;1,5
1 289;1,5;1,5
1 290;1,5;1,5
1 291;1,5;1,5
1 292;1,5;1,5
1 293;1,5;1,5
1 294;1,5;1,5
1 295;1,5;1,5
1 296;1,5;1,5
1 297;1,5;1,5
1 298;1,5;1,5
1 299;1,5;1,5
1 300;1,5;1,5
1 301;1,5;1,5
1 302;1,5;1,5
1 303;1,5;1,5
1 304;1,5;1,5
1 305;1,5;1,5
1 306;1,5;1,5
1 307;1,5;1,5
1 308;1,5;1,5
1 309;1,5;1,5
1 310;1,5;1,5
1 311;1,5;1,5
1 312;1,5;1,5
1 313;1,5;1,5
1 314;1,5;1,5
1 315;1,5;1,5
1 316;1,5;1,5
1 317;1,5;1,5
1 318;1,5;1,5
1 319;1,5;1,5
1 320;1,5;1,5
1 321;1,5;1,5
1 322;1,5;1,5
1 323;1,5;1,5
1 324;1,5;1,5
1 325;1,5;1,5
1 326;1,5;1,5
1 327;1,5;1,5
1 328;1,5;1,5
1 329;1,5;1,5
1 330;1,5;1,5
1 331;1,5;1,5
1 332;1,5;1,5
1 333;1,5;1,5
1 334;1,5;1,5
1 335;1,5;1,5
1 336;1,5;1,5
1 337;1,5;1,5
1 338;1,5;1,5
1 339;1,5;1,5
1 340;1,5;1,5
1 341;1,5;1,5
1 342;1,5;1,5
1 343;1,5;1,5
1 344;1,5;1,5
1 345;1,5;1,5
1 346;1,5;1,5
1 347;1,5;1,5
1 348;1,5;1,5
1 349;1,5;1,5
1 350;1,5;1,5
1 351;1,5;1,5
1 352;1,5;1,5
1 353;1,5;1,5
1 354;1,5;1,5
1 355;1,5;1,5
1 356;1,5;1,5
1 357;1,5;1,5
1 358;1,5;1,5
1 359;1,5;1,5
1 360;1,5;1,5
1 361;1,5;1,5
1 362;1,5;1,5
1 363;1,5;1,5
1 364;1,5;1,5
1 365;1,5;1,5
1 366;1,5;1,5
1 367;1,5;1,5
1 368;1,5;1,5
1 369;1,5;1,5
1 370;1,5;1,5
1 371;1,5;1,5
1 372;1,5;1,5
1 373;1,5;1,5
1 374;1,5;1,5
1 375;1,5;1,5
1 376;1,5;1,5
1 377;1,5;1,5
1 378;1,5;1,5
1 379;1,5;1,5
1 380;1,5;1,5
1 381;1,5;1,5
1 382;1,5;1,5
1 383;1,5;1,5
1 384;1,5;1,5
1 385;1,5;1,5
1 386;1,5;1,5
1 387;1,5;1,5
1 388;1,5;1,5
1 389;1,5;1,5
1 390;1,5;1,5
1 391;1,5;1,5
1 392;1,5;1,5
1 393;1,5;1,5
1 394;1,5;1,5
1 395;1,5;1,5
1 396;1,5;1,5
1 397;1,5;1,5
1 398;1,5;1,5
1 399;1,5;1,5
1 400;1,5;1,5
1 401;1,5;1,5
1 402;1,5;1,5
1 403;1,5;1,5
1 404;1,5;1,5
1 405;1,5;1,5
1 406;1,5;1,5
1 407;1,5;1,5
1 408;1,5;1,5
1 409;1,5;1,5
1 410;1,5;1,5
1 411;1,5;1,5
1 412;1,5;1,5
1 413;1,5;1,5
1 414;1,5;1,5
1 415;1,5;1,5
1 416;1,5;1,5
1 417;1,5;1,5
1 418;1,5;1,5
1 419;1,5;1,5
1 420;1,5;1,5
1 421;1,5;1,5
1 422;1,5;1,5
1 423;1,5;1,5
1 424;1,5;1,5
1 425;1,5;1,5
1 426;1,5;1,5
1 427;1,5;1,5
1 428;1,5;1,5
1 429;1,5;1,5
1 430;1,5;1,5
1 431;1,5;1,5
1 432;1,5;1,5
1 433;1,5;1,5
1 434;1,5;1,5
1 435;1,5;1,5
1 436;1,5;1,5
1 437;1,5;1,5
1 438;1,5;1,5
1 439;1,5;1,5
1 440;1,5;1,5
1 441;1,5;1,5
1 442;1,5;1,5
1 443;1,5;1,5
1 444;1,5;1,5
1 445;1,5;1,5
1 446;1,5;1,5
1 447;1,5;1,5
1 448;1,5;1,5
1 449;1,5;1,5
1 450;1,5;1,5
1 451;1,5;1,5
1 452;1,5;1,5
1 453;1,5;1,5
1 454;1,5;1,5
1 455;1,5;1,5
1 456;1,5;1,5
1 457;1,5;1,5
1 458;1,5;1,5
1 459;1,5;1,5
1 460;1,5;1,5
1 461;1,5;1,5
1 462;1,5;1,5
1 463;1,5;1,5
1 464;1,5;1,5
1 465;1,5;1,5
1 466;1,5;1,5
1 467;1,5;1,5
1 468;1,5;1,5
1 469;1,5;1,5
1 470;1,5;1,5
1 471;1,5;1,5
1 472;1,5;1,5
1 473;1,5;1,5
1 474;1,5;1,5
1 475;1,5;1,5
1 476;1,5;1,5
1 477;1,5;1,5
1 478;1,5;1,5
1 479;1,5;1,5
1 480;1,5;1,5
1 481;1,5;1,5
1 482;1,5;1,5
1 483;1,5;1,5
1 484;1,5;1,5
1 485;1,5;1,5
1 486;1,5;1,5
1 487;1,5;1,5
1 488;1,5;1,5
1 489;1,5;1,5
1 490;1,5;1,5
1 491;1,5;1,5
1 492;1,5;1,5
1 493;1,5;1,5
1 494;1,5;1,5
1 495;1,5;1,5
1 496;1,5;1,5
1 497;1,5;1,5
1 498;1,5;1,5
1 499;1,5;1,5
1 500;1,5;1,5
1 501;1,5;1,5
1 502;1,5;1,5
1 503;1,5;1,5
1 504;1,5;1,5
1 505;1,5;1,5
1 506;1,5;1,5
1 507;1,5;1,5
1 508;1,5;1,5
1 509;1,5;1,5
1 510;1,5;1,5
1 511;1,5;1,5
1 512;1,5;1,5
1 513;1,5;1,5
1 514;1,5;1,5
1 515;1,5;1,5
1 516;1,5;1,5
1 517;1,5;1,5
1 518;1,5;1,5
1 519;1,5;1,5
1 520;1,5;1,5
1 521;1,5;1,5
1 522;1,5;1,5
1 523;1,5;1,5
1 524;1,5;1,5
1 525;1,5;1,5
1 526;1,5;1,5
1 527;1,5;1,5
1 528;1,5;1,5
1 529;1,5;1,5
1 530;1,5;1,5
1 531;1,5;1,5
1 532;1,5;1,5
1 533;1,5;1,5
1 534;1,5;1,5
1 535;1,5;1,5
1 536;1,5;1,5
1 537;1,5;1,5
1 538;1,5;1,5
1 539;1,5;1,5
1 540;1,5;1,5
1 541;1,5;1,5
1 542;1,5;1,5
1 543;1,5;1,5
1 544;1,5;1,5
1 545;1,5;1,5
1 546;1,5;1,5
1 547;1,5;1,5
1 548;1,5;1,5
1 549;1,5;1,5
1 550;1,5;1,5
1 551;1,5;1,5
1 552;1,5;1,5
1 553;1,5;1,5
1 554;1,5;1,5
1 555;1,5;1,5
1 556;1,5;1,5
1 557;1,5;1,5
1 558;1,5;1,5
1 559;1,5;1,5
1 560;1,5;1,5
1 561;1,5;1,5
1 562;1,5;1,5
1 563;1,5;1,5
1 564;1,5;1,5
1 565;1,5;1,5
1 566;1,5;1,5
1 567;1,5;1,5
1 568;1,5;1,5
1 569;1,5;1,5
1 570;1,5;1,5
1 571;1,5;1,5
1 572;1,5;1,5
1 573;1,5;1,5
1 574;1,5;1,5
1 575;1,5;1,5
1 576;1,5;1,5
1 577;1,5;1,5
1 578;1,5;1,5
1 579;1,5;1,5
1 580;1,5;1,5
1 581;1,5;1,5
1 582;1,5;1,5
1 583;1,5;1,5
1 584;1,5;1,5
1 585;1,5;1,5
1 586;1,5;1,5
1 587;1,5;1,5
1 588;1,5;1,5
1 589;1,5;1,5
1 590;1,5;1,5
1 591;1,5;1,5
1 592;1,5;1,5
1 593;1,5;1,5
1 594;1,5;1,5
1 595;1,5;1,5
1 596;1,5;1,5
1 597;1,5;1,5
1 598;1,5;1,5
1 599;1,5;1,5
1 600;1,5;1,5
1 601;1,5;1,5
1 602;1,5;1,5
1 603;1,5;1,5
1 604;1,5;1,5
1 605;1,5;1,5
1 606;1,5;1,5
1 607;1,5;1,5
1 608;1,5;1,5
1 609;1,5;1,5
1 610;1,5;1,5
1 611;1,5;1,5
1 612;1,5;1,5
1 613;1,5;1,5
1 614;1,5;1,5
1 615;1,5;1,5
1 616;1,5;1,5
1 617;1,5;1,5
1 618;1,5;1,5
1 619;1,5;1,5
1 620;1,5;1,5
1 621;1,5;1,5
1 622;1,5;1,5
1 623;1,5;1,5
1 624;1,5;1,5
1 625;1,5;1,5
1 626;1,5;1,5
1 627;1,5;1,5
1 628;1,5;1,5
1 629;1,5;1,5
1 630;1,5;1,5
1 631;1,5;1,5
1 632;1,5;1,5
1 633;1,5;1,5
1 634;1,5;1,5
1 635;1,5;1,5
1 636;1,5;1,5
1 637;1,5;1,5
1 638;1,5;1,5
1 639;1,5;1,5
1 640;1,5;1,5
1 641;1,5;1,5
1 642;1,5;1,5
1 643;1,5;1,5
1 644;1,5;1,5
1 645;1,5;1,5
1 646;1,5;1,5
1 647;1,5;1,5
1 648;1,5;1,5
1 649;1,5;1,5
1 650;1,5;1,5
1 651;1,5;1,5
1 652;1,5;1,5
1 653;1,5;1,5
1 654;1,5;1,5
1 655;1,5;1,5
1 656;1,5;1,5
1 657;1,5;1,5
1 658;1,5;1,5
1 659;1,5;1,5
1 660;1,5;1,5
1 661;1,5;1,5
1 662;1,5;1,5
1 663;1,5;1,5
1 664;1,5;1,5
1 665;1,5;1,5
1 666;1,5;1,5
1 667;1,5;1,5
1 668;1,5;1,5
1 669;1,5;1,5
1 670;1,5;1,5
1 671;1,5;1,5
1 672;1,5;1,5
1 673;1,5;1,5
1 674;1,5;1,5
1 675;1,5;1,5
1 676;1,5;1,5
1 677;1,5;1,5
1 678;1,5;1,5
1 679;1,5;1,5
1 680;1,5;1,5
1 681;1,5;1,5
1 682;1,5;1,5
1 683;1,5;1,5
1 684;1,5;1,5
1 685;1,5;1,5
1 686;1,5;1,5
1 687;1,5;1,5
1 688;1,5;1,5
1 689;1,5;1,5
1 690;1,5;1,5
1 691;1,5;1,5
1 692;1,5;1,5
1 693;1,5;1,5
1 694;1,5;1,5
1 695;1,5;1,5
1 696;1,5;1,5
1 697;1,5;1,5
1 698;1,5;1,5
1 699;1,5;1,5
1 700;1,5;1,5
1 701;1,5;1,5
1 702;1,5;1,5
1 703;1,5;1,5
1 704;1,5;1,5
1 705;1,5;1,5
1 706;1,5;1,5
1 707;1,5;1,5
1 708;1,5;1,5
1 709;1,5;1,5
1 710;1,5;1,5
1 711;1,5;1,5
1 712;1,5;1,5
1 713;1,5;1,5
1 714;1,5;1,5
1 715;1,5;1,5
1 716;1,5;1,5
1 717;1,5;1,5
1 718;1,5;1,5
1 719;1,5;1,5
1 720;1,5;1,5
1 721;1,5;1,5
1 722;1,5;1,5
1 723;1,5;1,5
1 724;1,5;1,5
1 725;1,5;1,5
1 726;1,5;1,5
1 727;1,5;1,5
1 728;1,5;1,5
1 729;1,5;1,5
1 730;1,5;1,5
1 731;1,5;1,5
1 732;1,5;1,5
1 733;1,5;1,5
1 734;1,5;1,5
1 735;1,5;1,5
1 736;1,5;1,5
1 737;1,5;1,5
1 738;1,5;1,5
1 739;1,5;1,5
1 740;1,5;1,5
1 741;1,5;1,5
1 742;1,5;1,5
1 743;1,5;1,5
1 744;1,5;1,5
1 745;1,5;1,5
1 746;1,5;1,5
1 747;1,5;1,5
1 748;1,5;1,5
1 749;1,5;1,5
1 750;1,5;1,5
1 751;1,5;1,5
1 752;1,5;1,5
1 753;1,5;1,5
1 754;1,5;1,5
1 755;1,5;1,5
1 756;1,5;1,5
1 757;1,5;1,5
1 758;1,5;1,5
1 759;1,5;1,5
1 760;1,5;1,5
1 761;1,5;1,5
1 762;1,5;1,5
1 763;1,5;1,5
1 764;1,5;1,5
1 765;1,5;1,5
1 766;1,5;1,5
1 767;1,5;1,5
1 768;1,5;1,5
1 769;1,5;1,5
1 770;1,5;1,5
1 771;1,5;1,5
1 772;1,5;1,5
1 773;1,5;1,5
1 774;1,5;1,5
1 775;1,5;1,5
1 776;1,5;1,5
1 777;1,5;1,5
1 778;1,5;1,5
1 779;1,5;1,5
1 780;1,5;1,5
1 781;1,5;1,5
1 782;1,5;1,5
1 783;1,5;1,5
1 784;1,5;1,5
1 785;1,5;1,5
1 786;1,5;1,5
1 787;1,5;1,5
1 788;1,5;1,5
1 789;1,5;1,5
1 790;1,5;1,5
1 791;1,5;1,5
1 792;1,5;1,5
1 793;1,5;1,5
1 794;1,5;1,5
1 795;1,5;1,5
1 796;1,5;1,5
1 797;1,5;1,5
1 798;1,5;1,5
1 799;1,5;1,5
1 800;1,5;1,5
1 801;1,5;1,5
1 802;1,5;1,5
1 803;1,5;1,5
1 804;1,5;1,5
1 805;1,5;1,5
1 806;1,5;1,5
1 807;1,5;1,5
1 808;1,5;1,5
1 809;1,5;1,5
1 810;1,5;1,5
1 811;1,5;1,5
1 812;1,5;1,5
1 813;1,5;1,5
1 814;1,5;1,5
1 815;1,5;1,5
1 816;1,5;1,5
1 817;1,5;1,5
1 818;1,5;1,5
1 819;1,5;1,5
1 820;1,5;1,5
1 821;1,5;1,5
1 822;1,5;1,5
1 823;1,5;1,5
1 824;1,5;1,5
1 825;1,5;1,5
1 826;1,5;1,5
1 827;1,5;1,5
1 828;1,5;1,5
1 829;1,5;1,5
1 830;1,5;1,5
1 831;1,5;1,5
1 832;1,5;1,5
1 833;1,5;1,5
1 834;1,5;1,5
1 835;1,5;1,5
1 836;1,5;1,5
1 837;1,5;1,5
1 838;1,5;1,5
1 839;1,5;1,5
1 840;1,5;1,5
1 841;1,5;1,5
1 842;1,5;1,5
1 843;1,5;1,5
1 844;1,5;1,5
1 845;1,5;1,5
1 846;1,5;1,5
1 847;1,5;1,5
1 848;1,5;1,5
1 849;1,5;1,5
1 850;1,5;1,5
1 851;1,5;1,5
1 852;1,5;1,5
1 853;1,5;1,5
1 854;1,5;1,5
1 855;1,5;1,5
1 856;1,5;1,5
1 857;1,5;1,5
1 858;1,5;1,5
1 859;1,5;1,5
1 860;1,5;1,5
1 861;1,5;1,5
1 862;1,5;1,5
1 863;1,5;1,5
1 864;1,5;1,5
1 865;1,5;1,5
1 866;1,5;1,5
1 867;1,5;1,5
1 868;1,5;1,5
1 869;1,5;1,5
1 870;1,5;1,5
1 871;1,5;1,5
1 872;1,5;1,5
1 873;1,5;1,5
1 874;1,5;1,5
1 875;1,5;1,5
1 876;1,5;1,5
1 877;1,5;1,5
1 878;1,5;1,5
1 879;1,5;1,5
1 880;1,5;1,5
1 881;1,5;1,5
1 882;1,5;1,5
1 883;1,5;1,5
1 884;1,5;1,5
1 885;1,5;1,5
1 886;1,5;1,5
1 887;1,5;1,5
1 888;1,5;1,5
1 889;1,5;1,5
1 890;1,5;1,5
1 891;1,5;1,5
1 892;1,5;1,5
1 893;1,5;1,5
1 894;1,5;1,5
1 895;1,5;1,5
1 896;1,5;1,5
1 897;1,5;1,5
1 898;1,5;1,5
1 899;1,5;1,5
1 900;1,5;1,5
1 901;1,5;1,5
1 902;1,5;1,5
1 903;1,5;1,5
1 904;1,5;1,5
1 905;1,5;1,5
1 906;1,5;1,5
1 907;1,5;1,5
1 908;1,5;1,5
1 909;1,5;1,5
1 910;1,5;1,5
1 911;1,5;1,5
1 912;1,5;1,5
1 913;1,5;1,5
1 914;1,5;1,5
1 915;1,5;1,5
1 916;1,5;1,5
1 917;1,5;1,5
1 918;1,5;1,5
1 919;1,5;1,5
1 920;1,5;1,5
1 921;1,5;1,5
1 922;1,5;1,5
1 923;1,5;1,5
1 924;1,5;1,5
1 925;1,5;1,5
1 926;1,5;1,5
1 927;1,5;1,5
1 928;1,5;1,5
1 929;1,5;1,5
1 930;1,5;1,5
1 931;1,5;1,5
1 932;1,5;1,5
1 933;1,5;1,5
1 934;1,5;1,5
1 935;1,5;1,5
1 936;1,5;1,5
1 937;1,5;1,5
1 938;1,5;1,5
1 939;1,5;1,5
1 940;1,5;1,5
1 941;1,5;1,5
1 942;1,5;1,5
1 943;1,5;1,5
1 944;1,5;1,5
1 945;1,5;1,5
1 946;1,5;1,5
1 947;1,5;1,5
1 948;1,5;1,5
1 949;1,5;1,5
1 950;1,5;1,5
1 951;1,5;1,5
1 952;1,5;1,5
1 953;1,5;1,5
1 954;1,5;1,5
1 955;1,5;1,5
1 956;1,5;1,5
1 957;1,5;1,5
1 958;1,5;1,5
1 959;1,5;1,5
1 960;1,5;1,5
1 961;1,5;1,5
1 962;1,5;1,5
1 963;1,5;1,5
1 964;1,5;1,5
1 965;1,5;1,5
1 966;1,5;1,5
1 967;1,5;1,5
1 968;1,5;1,5
1 969;1,5;1,5
1 970;1,5;1,5
1 971;1,5;1,5
1 972;1,5;1,5
1 973;1,5;1,5
1 974;1,5;1,5
1 975;1,5;1,5
1 976;1,5;1,5
1 977;1,5;1,5
1 978;1,5;1,5
1 979;1,5;1,5
1 980;1,5;1,5
1 981;1,5;1,5
1 982;1,5;1,5
1 983;1,5;1,5
1 984;1,5;1,5
1 985;1,5;1,5
1 986;1,5;1,5
1 987;1,5;1,5
1 988;1,5;1,5
1 989;1,5;1,5
1 990;1,5;1,5
1 991;1,5;1,5
1 992;1,5;1,5
1 993;1,5;1,5
1 994;1,5;1,5
1 995;1,5;1,5
1 996;1,5;1,5
1 997;1,5;1,5
1 998;1,5;1,5
1 999;1,5;1,5
2 000;1,5;1,5
2 001;1,5;1,5
2 002;1,5;1,5
2 003;1,5;1,5
2 004;1,5;1,5
2 005;1,5;1,5
2 006;1,5;1,5
2 007;1,5;1,5
2 008;1,5;1,5
2 009;1,5;1,5
2 010;1,5;1,5
2 011;1,5;1,5
2 012;1,5;1,5
2 013;1,5;1,5
2 014;1,5;1,5
2 015;1,5;1,5
2 016;1,5;1,5
2 017;1,5;1,5
2 018;1,5;1,5
2 019;1,5;1,5
2 020;1,5;1,5
2 021;1,5;1,5
2 022;1,5;1,5
2 023;1,5;1,5
2 024;1,5;1,5
2 025;1,5;1,5
2 026;1,5;1,5
2 027;1,5;1,5
2 028;1,5;1,5
2 029;1,5;1,5
2 030;1,5;1,5
2 031;1,5;1,5
2 032;1,5;1,5
2 033;1,5;1,5
2 034;1,5;1,5
2 035;1,5;1,5
2 036;1,5;1,5
2 037;1,5;1,5
2 038;1,5;1,5
2 039;1,5;1,5
2 040;1,5;1,5
2 041;1,5;1,5
2 042;1,5;1,5
2 043;1,5;1,5
2 044;1,5;1,5
2 045;1,5;1,5
2 046;1,5;1,5
2 047;1,5;1,5
2 048;1,5;1,5
2 049;1,5;1,5
2 050;1,5;1,5
2 051;1,5;1,5
2 052;1,5;1,5
2 053;1,5;1,5
2 054;1,5;1,5
2 055;1,5;1,5
2 056;1,5;1,5
2 057;1,5;1,5
2 058;1,5;1,5
2 059;1,5;1,5
2 060;1,5;1,5
2 061;1,5;1,5
2 062;1,5;1,5
2 063;1,5;1,5
2 064;1,5;1,5
2 065;1,5;1,5
2 066;1,5;1,5
2 067;1,5;1,5
2 068;1,5;1,5
2 069;1,5;1,5
2 070;1,5;1,5
2 071;1,5;1,5
2 072;1,5;1,5
2 073;1,5;1,5
2 074;1,5;1,5
2 075;1,5;1,5
2 076;1,5;1,5
2 077;1,5;1,5
2 078;1,5;1,5
2 079;1,5;1,5
2 080;1,5;1,5
2 081;1,5;1,5
2 082;1,5;1,5
2 083;1,5;1,5
2 084;1,5;1,5
2 085;1,5;1,5
2 086;1,5;1,5
2 087;1,5;1,5
2 088;1,5;1,5
2 089;1,5;1,5
2 090;1,5;1,5
2 091;1,5;1,5
2 092;1,5;1,5
2 093;1,5;1,5
2 094;1,5;1,5
2 095;1,5;1,5
2 096;1,5;1,5
2 097;1,5;1,5
2 098;1,5;1,5
2 099;1,5;1,5
2 100;1,5;1,5
2 101;1,5;1,5
2 102;1,5;1,5
2 103;1,5;1,5
2 104;1,5;1,5
2 105;1,5;1,5
2 106;1,5;1,5
2 107;1,5;1,5
2 108;1,5;1,5
2 109;1,5;1,5
2 110;1,5;1,5
2 111;1,5;1,5
2 112;1,5;1,5
2 113;1,5;1,5
2 114;1,5;1,5
2 115;1,5;1,5
2 116;1,5;1,5
2 117;1,5;1,5
2 118;1,5;1,5
2 119;1,5;1,5
2 120;1,5;1,5
2 121;1,5;1,5
2 122;1,5;1,5
2 123;1,5;1,5
2 124;1,5;1,5
2 125;1,5;1,5
2 126;1,5;1,5
2 127;1,5;1,5
2 128;1,5;1,5
2 129;1,5;1,5
2 130;1,5;1,5
2 131;1,5;1,5
2 132;1,5;1,5
2 133;1,5;1,5
2 134;1,5;1,5
2 135;1,5;1,5
2 136;1,5;1,5
2 137;1,5;1,5
2 138;1,5;1,5
2 139;1,5;1,5
2 140;1,5;1,5
2 141;1,5;1,5
2 142;1,5;1,5
2 143;1,5;1,5
2 144;1,5;1,5
2 145;1,5;1,5
2 146;1,5;1,5
2 147;1,5;1,5
2 148;1,5;1,5
2 149;1,5;1,5
2 150;1,5;1,5
2 151;1,5;1,5
2 152;1,5;1,5
2 153;1,5;1,5
2 154;1,5;1,5
2 155;1,5;1,5
2 156;1,5;1,5
2 157;1,5;1,5
2 158;1,5;1,5
2 159;1,5;1,5
2 160;1,5;1,5
2 161;1,5;1,5
2 162;1,5;1,5
2 163;1,5;1,5
2 164;1,5;1,5
2 165;1,5;1,5
2 166;1,5;1,5
2 167;1,5;1,5
2 168;1,5;1,5
2 169;1,5;1,5
2 170;1,5;1,5
2 171;1,5;1,5
2 172;1,5;1,5
2 173;1,5;1,5
2 174;1,5;1,5
2 175;1,5;1,5
2 176;1,5;1,5
2 177;1,5;1,5
2 178;1,5;1,5
2 179;1,5;1,5
2 180;1,5;1,5
2 181;1,5;1,5
2 182;1,5;1,5
2 183;1,5;1,5
2 184;1,5;1,5
2 185;1,5;1,5
2 186;1,5;1,5
2 187;1,5;1,5
2 188;1,5;1,5
2 189;1,5;1,5
2 190;1,5;1,5
2 191;1,5;1,5
2 192;1,5;1,5
2 193;1,5;1,5
2 194;1,5;1,5
2 195;1,5;1,5
2 196;1,5;1,5
2 197;1,5;1,5
2 198;1,5;1,5
2 199;1,5;1,5
2 200;1,5;1,5
2 201;1,5;1,5
2 202;1,5;1,5
2 203;1,5;1,5
2 204;1,5;1,5
2 205;1,5;1,5
2 206;1,5;1,5
2 207;1,5;1,5
2 208;1,5;1,5
2 209;1,5;1,5
2 210;1,5;1,5
2 211;1,5;1,5
2 212;1,5;1,5
2 213;1,5;1,5
2 214;1,5;1,5
2 215;1,5;1,5
2 216;1,5;1,5
2 217;1,5;1,5
2 218;1,5;1,5
2 219;1,5;1,5
2 220;1,5;1,5
2 221;1,5;1,5
2 222;1,5;1,5
2 223;1,5;1,5
2 224;1,5;1,5
2 225;1,5;1,5
2 226;1,5;1,5
2 227;1,5;1,5
2 228;1,5;1,5
2 229;1,5;1,5
2 230;1,5;1,5
2 231;1,5;1,5
2 232;1,5;1,5
2 233;1,5;1,5
2 234;1,5;1,5
2 235;1,5;1,5
2 236;1,5;1,5
2 237;1,5;1,5
2 238;1,5;1,5
2 239;1,5;1,5
2 240;1,5;1,5
2 241;1,5;1,5
2 242;1,5;1,5
2 243;1,5;1,5
2 244;1,5;1,5
2 245;1,5;1,5
2 246;1,5;1,5
2 247;1,5;1,5
2 248;1,5;1,5
2 249;1,5;1,5
2 250;1,5;1,5
2 251;1,5;1,5
2 252;1,5;1,5
2 253;1,5;1,5
2 254;1,5;1,5
2 255;1,5;1,5
2 256;1,5;1,5
2 257;1,5;1,5
2 258;1,5;1,5
2 259;1,5;1,5
2 260;1,5;1,5
2 261;1,5;1,5
2 262;1,5;1,5
2 263;1,5;1,5
2 264;1,5;1,5
2 265;1,5;1,5
2 266;1,5;1,5
2 267;1,5;1,5
2 268;1,5;1,5
2 269;1,5;1,5
2 270;1,5;1,5
2 271;1,5;1,5
2 272;1,5;1,5
2 273;1,5;1,5
2 274;1,5;1,5
2 275;1,5;1,5
2 276;1,5;1,5
2 277;1,5;1,5
2 278;1,5;1,5
2 279;1,5;1,5
2 280;1,5;1,5
2 281;1,5;1,5
2 282;1,5;1,5
2 283;1,5;1,5
2 284;1,5;1,5
2 285;1,5;1,5
2 286;1,5;1,5
2 287;1,5;1,5
2 288;1,5;1,5
2 289;1,5;1,5
2 290;1,5;1,5
2 291;1,5;1,5
2 292;1,5;1,5
2 293;1,5;1,5
2 294;1,5;1,5
2 295;1,5;1,5
2 296;1,5;1,5
2 297;1,5;1,5
2 298;1,5;1,5
2 299;1,5;1,5
2 300;1,5;1,5
2 301;1,5;1,5
2 302;1,5;1,5
2 303;1,5;1,5
2 304;1,5;1,5
2 305;1,5;1,5
2 306;1,5;1,5
2 307;1,5;1,5
2 308;1,5;1,5
2 309;1,5;1,5
2 310;1,5;1,5
2 311;1,5;1,5
2 312;1,5;1,5
2 313;1,5;1,5
2 314;1,5;1,5
2 315;1,5;1,5
2 316;1,5;1,5
2 317;1,5;1,5
2 318;1,5;1,5
2 319;1,5;1,5
2 320;1,5;1,5
2 321;1,5;1,5
2 322;1,5;1,5
2 323;1,5;1,5
2 324;1,5;1,5
2 325;1,5;1,5
2 326;1,5;1,5
2 327;1,5;1,5
2 328;1,5;1,5
2 329;1,5;1,5
2 330;1,5;1,5
2 331;1,5;1,5
2 332;1,5;1,5
2 333;1,5;1,5
2 334;1,5;1,5
2 335;1,5;1,5
2 336;1,5;1,5
2 337;1,5;1,5
2 338;1,5;1,5
2 339;1,5;1,5
2 340;1,5;1,5
2 341;1,5;1,5
2 342;1,5;1,5
2 343;1,5;1,5
2 344;1,5;1,5
2 345;1,5;1,5
2 346;1,5;1,5
2 347;1,5;1,5
2 348;1,5;1,5
2 349;1,5;1,5
2 350;1,5;1,5
2 351;1,5;1,5
2 352;1,5;1,5
2 353;1,5;1,5
2 354;1,5;1,5
2 355;1,5;1,5
2 356;1,5;1,5
2 357;1,5;1,5
2 358;1,5;1,5
2 359;1,5;1,5
2 360;1,5;1,5
2 361;1,5;1,5
2 362;1,5;1,5
2 363;1,5;1,5
2 364;1,5;1,5
2 365;1,5;1,5
2 366;1,5;1,5
2 367;1,5;1,5
2 368;1,5;1,5
2 369;1,5;1,5
2 370;1,5;1,5
2 371;1,5;1,5
2 372;1,5;1,5
2 373;1,5;1,5
2 374;1,5;1,5
2 375;1,5;1,5
2 376;1,5;1,5
2 377;1,5;1,5
2 378;1,5;1,5
2 379;1,5;1,5
2 380;1,5;1,5
2 381;1,5;1,5
2 382;1,5;1,5
2 383;1,5;1,5
2 384;1,5;1,5
2 385;1,5;1,5
2 386;1,5;1,5
2 387;1,5;1,5
2 388;1,5;1,5
2 389;1,5;1,5
2 390;1,5;1,5
2 391;1,5;1,5
2 392;1,5;1,5
2 393;1,5;1,5
2 394;1,5;1,5
2 395;1,5;1,5
2 396;1,5;1,5
2 397;1,5;1,5
2 398;1,5;1,5
2 399;1,5;1,5
2 400;1,5;1,5
2 401;1,5;1,5
2 402;1,5;1,5
2 403;1,5;1,5
2 404;1,5;1,5
2 405;1,5;1,5
2 406;1,5;1,5
2 407;1,5;1,5
2 408;1,5;1,5
2 409;1,5;1,5
2 410;1,5;1,5
2 411;1,5;1,5
2 412;1,5;1,5
2 413;1,5;1,5
2 414;1,5;1,5
2 415;1,5;1,5
2 416;1,5;1,5
2 417;1,5;1,5
2 418;1,5;1,5
2 419;1,5;1,5
2 420;1,5;1,5
2 421;1,5;1,5
2 422;1,5;1,5
2 423;1,5;1,5
2 424;1,5;1,5
2 425;1,5;1,5
2 426;1,5;1,5
2 427;1,5;1,5
2 428;1,5;1,5
2 429;1,5;1,5
2 430;1,5;1,5
2 431;1,5;1,5
2 432;1,5;1,5
2 433;1,5;1,5
2 434;1,5;1,5
2 435;1,5;1,5
2 436;1,5;1,5
2 437;1,5;1,5
2 438;1,5;1,5
2 439;1,5;1,5
2 440;1,5;1,5
2 441;1,5;1,5
2 442;1,5;1,5
2 443;1,5;1,5
2 444;1,5;1,5
2 445;1,5;1,5
2 446;1,5;1,5
2 447;1,5;1,5
2 448;1,5;1,5
2 449;1,5;1,5
2 450;1,5;1,5
2 451;1,5;1,5
2 452;1,5;1,5
2 453;1,5;1,5
2 454;1,5;1,5
2 455;1,5;1,5
2 456;1,5;1,5
2 457;1,5;1,5
2 458;1,5;1,5
2 459;1,5;1,5
2 460;1,5;1,5
2 461;1,5;1,5
2 462;1,5;1,5
2 463;1,5;1,5
2 464;1,5;1,5
2 465;1,5;1,5
2 466;1,5;1,5
2 467;1,5;1,5
2 468;1,5;1,5
2 469;1,5;1,5
2 470;1,5;1,5
2 471;1,5;1,5
2 472;1,5;1,5
2 473;1,5;1,5
2 474;1,5;1,5
2 475;1,5;1,5
2 476;1,5;1,5
2 477;1,5;1,5
2 478;1,5;1,5
2 479;1,5;1,5
2 480;1,5;1,5
2 481;1,5;1,5
2 482;1,5;1,5
2 483;1,5;1,5
2 484;1,5;1,5
2 485;1,5;1,5
2 486;1,5;1,5
2 487;1,5;1,5
2 488;1,5;1,5
2 489;1,5;1,5
2 490;1,5;1,5
2 491;1,5;1,5
2 492;1,5;1,5
2 493;1,5;1,5
2 494;1,5;1,5
2 495;1,5;1,5
2 496;1,5;1,5
2 497;1,5;1,5
2 498;1,5;1,5
2 499;1,5;1,5
2 500;1,5;1,5
2 501;1,5;1,5
2 502;1,5;1,5
2 503;1,5;1,5
2 504;1,5;1,5
2 505;1,5;1,5
2 506;1,5;1,5
2 507;1,5;1,5
2 508;1,5;1,5
2 509;1,5;1,5
2 510;1,5;1,5
2 511;1,5;1,5
2 512;1,5;1,5
2 513;1,5;1,5
2 514;1,5;1,5
2 515;1,5;1,5
2 516;1,5;1,5
2 517;1,5;1,5
2 518;1,5;1,5
2 519;1,5;1,5
2 520;1,5;1,5
2 521;1,5;1,5
2 522;1,5;1,5
2 523;1,5;1,5
2 524;1,5;1,5
2 525;1,5;1,5
2 526;1,5;1,5
2 527;1,5;1,5
2 528;1,5;1,5
2 529;1,5;1,5
2 530;1,5;1,5
2 531;1,5;1,5
2 532;1,5;1,5
2 533;1,5;1,5
2 534;1,5;1,5
2 535;1,5;1,5
2 536;1,5;1,5
2 537;1,5;1,5
2 538;1,5;1,5
2 539;1,5;1,5
2 540;1,5;1,5
2 541;1,5;1,5
2 542;1,5;1,5
2 543;1,5;1,5
2 544;1,5;1,5
2 545;1,5;1,5
2 546;1,5;1,5
2 547;1,5;1,5
2 548;1,5;1,5
2 549;1,5;1,5
2 550;1,5;1,5
2 551;1,5;1,5
2 552;1,5;1,5
2 553;1,5;1,5
2 554;1,5;1,5
2 555;1,5;1,5
2 556;1,5;1,5
2 557;1,5;1,5
2 558;1,5;1,5
2 559;1,5;1,5
2 560;1,5;1,5
2 561;1,5;1,5
2 562;1,5;1,5
2 563;1,5;1,5
2 564;1,5;1,5
2 565;1,5;1,5
2 566;1,5;1,5
2 567;1,5;1,5
2 568;1,5;1,5
2 569;1,5;1,5
2 570;1,5;1,5
2 571;1,5;1,5
2 572;1,5;1,5
2 573;1,5;1,5
2 574;1,5;1,5
2 575;1,5;1,5
2 576;1,5;1,5
2 577;1,5;1,5
2 578;1,5;1,5
2 579;1,5;1,5
2 580;1,5;1,5
2 581;1,5;1,5
2 582;1,5;1,5
2 583;1,5;1,5
2 584;1,5;1,5
2 585;1,5;1,5
2 586;1,5;1,5
2 587;1,5;1,5
2 588;1,5;1,5
2 589;1,5;1,5
2 590;1,5;1,5
2 591;1,5;1,5
2 592;1,5;1,5
2 593;1,5;1,5
2 594;1,5;1,5
2 595;1,5;1,5
2 596;1,5;1,5
2 597;1,5;1,5
2 598;1,5;1,5
2 599;1,5;1,5
2 600;1,5;1,5
2 601;1,5;1,5
2 602;1,5;1,5
2 603;1,5;1,5
2 604;1,5;1,5
2 605;1,5;1,5
2 606;1,5;1,5
2 607;1,5;1,5
2 608;1,5;1,5
2 609;1,5;1,5
2 610;1,5;1,5
2 611;1,5;1,5
2 612;1,5;1,5
2 613;1,5;1,5
2 614;1,5;1,5
2 615;1,5;1,5
2 616;1,5;1,5
2 617;1,5;1,5
2 618;1,5;1,5
2 619;1,5;1,5
2 620;1,5;1,5
2 621;1,5;1,5
2 622;1,5;1,5
2 623;1,5;1,5
2 624;1,5;1,5
2 625;1,5;1,5
2 626;1,5;1,5
2 627;1,5;1,5
2 628;1,5;1,5
2 629;1,5;1,5
2 630;1,5;1,5
2 631;1,5;1,5
2 632;1,5;1,5
2 633;1,5;1,5
2 634;1,5;1,5
2 635;1,5;1,5
2 636;1,5;1,5
2 637;1,5;1,5
2 638;1,5;1,5
2 639;1,5;1,5
2 640;1,5;1,5
2 641;1,5;1,5
2 642;1,5;1,5
2 643;1,5;1,5
2 644;1,5;1,5
2 645;1,5;1,5
2 646;1,5;1,5
2 647;1,5;1,5
2 648;1,5;1,5
2 649;1,5;1,5
2 650;1,5;1,5
2 651;1,5;1,5
2 652;1,5;1,5
2 653;1,5;1,5
2 654;1,5;1,5
2 655;1,5;1,5
2 656;1,5;1,5
2 657;1,5;1,5
2 658;1,5;1,5
2 659;1,5;1,5
2 660;1,5;1,5
2 661;1,5;1,5
2 662;1,5;1,5
2 663;1,5;1,5
2 664;1,5;1,5
2 665;1,5;1,5
2 666;1,5;1,5
2 667;1,5;1,5
2 668;1,5;1,5
2 669;1,5;1,5
2 670;1,5;1,5
2 671;1,5;1,5
2 672;1,5;1,5
2 673;1,5;1,5
2 674;1,5;1,5
2 675;1,5;1,5
2 676;1,5;1,5
2 677;1,5;1,5
2 678;1,5;1,5
2 679;1,5;1,5
2 680;1,5;1,5
2 681;1,5;1,5
2 682;1,5;1,5
2 683;1,5;1,5
2 684;1,5;1,5
2 685;1,5;1,5
2 686;1,5;1,5
2 687;1,5;1,5
2 688;1,5;1,5
2 689;1,5;1,5
2 690;1,5;1,5
2 691;1,5;1,5
2 692;1,5;1,5
2 693;1,5;1,5
2 694;1,5;1,5
2 695;1,5;1,5
2 696;1,5;1,5
2 697;1,5;1,5
2 698;1,5;1,5
2 699;1,5;1,5
2 700;1,5;1,5
2 701;1,5;1,5
2 702;1,5;1,5
2 703;1,5;1,5
2 704;1,5;1,5
2 705;1,5;1,5
2 706;1,5;1,5
2 707;1,5;1,5
2 708;1,5;1,5
2 709;1,5;1,5
2 710;1,5;1,5
2 711;1,5;1,5
2 712;1,5;1,5
2 713;1,5;1,5
2 714;1,5;1,5
2 715;1,5;1,5
2 716;1,5;1,5
2 717;1,5;1,5
2 718;1,5;1,5
2 719;1,5;1,5
2 720;1,5;1,5
2 721;1,5;1,5
2 722;1,5;1,5
2 723;1,5;1,5
2 724;1,5;1,5
2 725;1,5;1,5
2 726;1,5;1,5
2 727;1,5;1,5
2 728;1,5;1,5
2 729;1,5;1,5
2 730;1,5;1,5
2 731;1,5;1,5
2 732;1,5;1,5
2 733;1,5;1,5
2 734;1,5;1,5
2 735;1,5;1,5
2 736;1,5;1,5
2 737;1,5;1,5
2 738;1,5;1,5
2 739;1,5;1,5
2 740;1,5;1,5
2 741;1,5;1,5
2 742;1,5;1,5
2 743;1,5;1,5
2 744;1,5;1,5
2 745;1,5;1,5
2 746;1,5;1,5
2 747;1,5;1,5
2 748;1,5;1,5
2 749;1,5;1,5
2 750;1,5;1,5
2 751;1,5;1,5
2 752;1,5;1,5
2 753;1,5;1,5
2 754;1,5;1,5
2 755;1,5;1,5
2 756;1,5;1,5
2 757;1,5;1,5
2 758;1,5;1,5
2 759;1,5;1,5
2 760;1,5;1,5
2 761;1,5;1,5
2 762;1,5;1,5
2 763;1,5;1,5
2 764;1,5;1,5
2 765;1,5;1,5
2 766;1,5;1,5
2 767;1,5;1,5
2 768;1,5;1,5
2 769;1,5;1,5
2 770;1,5;1,5
2 771;1,5;1,5
2 772;1,5;1,5
2 773;1,5;1,5
2 774;1,5;1,5
2 775;1,5;1,5
2 776;1,5;1,5
2 777;1,5;1,5
2 778;1,5;1,5
2 779;1,5;1,5
2 780;1,5;1,5
2 781;1,5;1,5
2 782;1,5;1,5
2 783;1,5;1,5
2 784;1,5;1,5
2 785;1,5;1,5
2 786;1,5;1,5
2 787;1,5;1,5
2 788;1,5;1,5
2 789;1,5;1,5
2 790;1,5;1,5
2 791;1,5;1,5
2 792;1,5;1,5
2 793;1,5;1,5
2 794;1,5;1,5
2 795;1,5;1,5
2 796;1,5;1,5
2 797;1,5;1,5
2 798;1,5;1,5
2 799;1,5;1,5
2 800;1,5;1,5
2 801;1,5;1,5
2 802;1,5;1,5
2 803;1,5;1,5
2 804;1,5;1,5
2 805;1,5;1,5
2 806;1,5;1,5
2 807;1,5;1,5
2 808;1,5;1,5
2 809;1,5;1,5
2 810;1,5;1,5
2 811;1,5;1,5
2 812;1,5;1,5
2 813;1,5;1,5
2 814;1,5;1,5
2 815;1,5;1,5
2 816;1,5;1,5
2 817;1,5;1,5
2 818;1,5;1,5
2 819;1,5;1,5
2 820;1,5;1,5
2 821;1,5;1,5
2 822;1,5;1,5
2 823;1,5;1,5
2 824;1,5;1,5
2 825;1,5;1,5
2 826;1,5;1,5
2 827;1,5;1,5
2 828;1,5;1,5
2 829;1,5;1,5
2 830;1,5;1,5
2 831;1,5;1,5
2 832;1,5;1,5
2 833;1,5;1,5
2 834;1,5;1,5
2 835;1,5;1,5
2 836;1,5;1,5
2 837;1,5;1,5
2 838;1,5;1,5
2 839;1,5;1,5
2 840;1,5;1,5
2 841;1,5;1,5
2 842;1,5;1,5
2 843;1,5;1,5
2 844;1,5;1,5
2 845;1,5;1,5
2 846;1,5;1,5
2 847;1,5;1,5
2 848;1,5;1,5
2 849;1,5;1,5
2 850;1,5;1,5
2 851;1,5;1,5
2 852;1,5;1,5
2 853;1,5;1,5
2 854;1,5;1,5
2 855;1,5;1,5
2 856;1,5;1,5
2 857;1,5;1,5
2 858;1,5;1,5
2 859;1,5;1,5
2 860;1,5;1,5
2 861;1,5;1,5
2 862;1,5;1,5
2 863;1,5;1,5
2 864;1,5;1,5
2 865;1,5;1,5
2 866;1,5;1,5
2 867;1,5;1,5
2 868;1,5;1,5
2 869;1,5;1,5
2 870;1,5;1,5
2 871;1,5;1,5
2 872;1,5;1,5
2 873;1,5;1,5
2 874;1,5;1,5
2 875;1,5;1,5
2 876;1,5;1,5
2 877;1,5;1,5
2 878;1,5;1,5
2 879;1,5;1,5
2 880;1,5;1,5
2 881;1,5;1,5
2 882;1,5;1,5
2 883;1,5;1,5
2 884;1,5;1,5
2 885;1,5;1,5
2 886;1,5;1,5
2 887;1,5;1,5
2 888;1,5;1,5
2 889;1,5;1,5
2 890;1,5;1,5
2 891;1,5;1,5
2 892;1,5;1,5
2 893;1,5;1,5
2 894;1,5;1,5
2 895;1,5;1,5
2 896;1,5;1,5
2 897;1,5;1,5
2 898;1,5;1,5
2 899;1,5;1,5
2 900;1,5;1,5
2 901;1,5;1,5
2 902;1,5;1,5
2 903;1,5;1,5
2 904;1,5;1,5
2 905;1,5;1,5
2 906;1,5;1,5
2 907;1,5;1,5
2 908;1,5;1,5
2 909;1,5;1,5
2 910;1,5;1,5
2 911;1,5;1,5
2 912;1,5;1,5
2 913;1,5;1,5
2 914;1,5;1,5
2 915;1,5;1,5
2 916;1,5;1,5
2 917;1,5;1,5
2 918;1,5;1,5
2 919;1,5;1,5
2 920;1,5;1,5
2 921;1,5;1,5
2 922;1,5;1,5
2 923;1,5;1,5
2 924;1,5;1,5
2 925;1,5;1,5
2 926;1,5;1,5
2 927;1,5;1,5
2 928;1,5;1,5
2 929;1,5;1,5
2 930;1,5;1,5
2 931;1,5;1,5
2 932;1,5;1,5
2 933;1,5;1,5
2 934;1,5;1,5
2 935;1,5;1,5
2 936;1,5;1,5
2 937;1,5;1,5
2 938;1,5;1,5
2 939;1,5;1,5
2 940;1,5;1,5
2 941;1,5;1,5
2 942;1,5;1,5
2 943;1,5;1,5
2 944;1,5;1,5
2 945;1,5;1,5
2 946;1,5;1,5
2 947;1,5;1,5
2 948;1,5;1,5
2 949;1,5;1,5
2 950;1,5;1,5
2 951;1,5;1,5
2 952;1,5;1,5
2 953;1,5;1,5
2 954;1,5;1,5
2 955;1,5;1,5
2 956;1,5;1,5
2 957;1,5;1,5
2 958;1,5;1,5
2 959;1,5;1,5
2 960;1,5;1,5
2 961;1,5;1,5
2 962;1,5;1,5
2 963;1,5;1,5
2 964;1,5;1,5
2 965;1,5;1,5
2 966;1,5;1,5
2 967;1,5;1,5
2 968;1,5;1,5
2 969;1,5;1,5
2 970;1,5;1,5
2 971;1,5;1,5
2 972;1,5;1,5
2 973;1,5;1,5
2 974;1,5;1,5
2 975;1,5;1,5
2 976;1,5;1,5
2 977;1,5;1,5
2 978;1,5;1,5
2 979;1,5;1,5
2 980;1,5;1,5
2 981;1,5;1,5
2 982;1,5;1,5
2 983;1,5;1,5
2 984;1,5;1,5
2 985;1,5;1,5
2 986;1,5;1,5
2 987;1,5;1,5
2 988;1,5;1,5
2 989;1,5;1,5
2 990;1,5;1,5
2 991;1,5;1,5
2 992;1,5;1,5
2 993;1,5;1,5
2 994;1,5;1,5
2 995;1,5;1,5
2 996;1,5;1,5
2 997;1,5;1,5
2 998;1,5;1,5
2 999;1,5;1,5
3 000;1,5;1,5
3 001;1,5;1,5
3 002;1,5;1,5
3 003;1,5;1,5
3 004;1,5;1,5
3 005;1,5;1,5
3 006;1,5;1,5
3 007;1,5;1,5
3 008;1,5;1,5
3 009;1,5;1,5
3 010;1,5;1,5
3 011;1,5;1,5
3 012;1,5;1,5
3 013;1,5;1,5
3 014;1,5;1,5
3 015;1,5;1,5
3 016;1,5;1,5
3 017;1,5;1,5
3 018;1,5;1,5
3 019;1,5;1,5
3 020;1,5;1,5
3 021;1,5;1,5
3 022;1,5;1,5
3 023;1,5;1,5
3 024;1,5;1,5
3 025;1,5;1,5
3 026;1,5;1,5
3 027;1,5;1,5
3 028;1,5;1,5
3 029;1,5;1,5
3 030;1,5;1,5
3 031;1,5;1,5
3 032;1,5;1,5
3 033;1,5;1,5
3 034;1,5;1,5
3 035;1,5;1,5
3 036;1,5;1,5
3 037;1,5;1,5
3 038;1,5;1,5
3 039;1,5;1,5
3 040;1,5;1,5
3 041;1,5;1,5
3 042;1,5;1,5
3 043;1,5;1,5
3 044;1,5;1,5
3 045;1,5;1,5
3 046;1,5;1,5
3 047;1,5;1,5
3 048;1,5;1,5
3 049;1,5;1,5
3 050;1,5;1,5
3 051;1,5;1,5
3 052;1,5;1,5
3 053;1,5;1,5
3 054;1,5;1,5
3 055;1,5;1,5
3 056;1,5;1,5
3 057;1,5;1,5
3 058;1,5;1,5
3 059;1,5;1,5
3 060;1,5;1,5
3 061;1,5;1,5
3 062;1,5;1,5
3 063;1,5;1,5
3 064;1,5;1,5
3 065;1,5;1,5
3 066;1,5;1,5
3 067;1,5;1,5
3 068;1,5;1,5
3 069;1,5;1,5
3 070;1,5;1,5
3 071;1,5;1,5
3 072;1,5;1,5
3 073;1,5;1,5
3 074;1,5;1,5
3 075;1,5;1,5
3 076;1,5;1,5
3 077;1,5;1,5
3 078;1,5;1,5
3 079;1,5;1,5
3 080;1,5;1,5
3 081;1,5;1,5
3 082;1,5;1,5
3 083;1,5;1,5
3 084;1,5;1,5
3 085;1,5;1,5
3 086;1,5;1,5
3 087;1,5;1,5
3 088;1,5;1,5
3 089;1,5;1,5
3 090;1,5;1,5
3 091;1,5;1,5
3 092;1,5;1,5
3 093;1,5;1,5
3 094;1,5;1,5
3 095;1,5;1,5
3 096;1,5;1,5
3 097;1,5;1,5
3 098;1,5;1,5
3 099;1,5;1,5
3 100;1,5;1,5
3 101;1,5;1,5
3 102;1,5;1,5
3 103;1,5;1,5
3 104;1,5;1,5
3 105;1,5;1,5
3 106;1,5;1,5
3 107;1,5;1,5
3 108;1,5;1,5
3 109;1,5;1,5
3 110;1,5;1,5
3 111;1,5;1,5
3 112;1,5;1,5
3 113;1,5;1,5
3 114;1,5;1,5
3 115;1,5;1,5
3 116;1,5;1,5
3 117;1,5;1,5
3 118;1,5;1,5
3 119;1,5;1,5
3 120;1,5;1,5
3 121;1,5;1,5
3 122;1,5;1,5
3 123;1,5;1,5
3 124;1,5;1,5
3 125;1,5;1,5
3 126;1,5;1,5
3 127;1,5;1,5
3 128;1,5;1,5
3 129;1,5;1,5
3 130;1,5;1,5
3 131;1,5;1,5
3 132;1,5;1,5
3 133;1,5;1,5
3 134;1,5;1,5
3 135;1,5;1,5
3 136;1,5;1,5
3 137;1,5;1,5
3 138;1,5;1,5
3 139;1,5;1,5
3 140;1,5;1,5
3 141;1,5;1,5
3 142;1,5;1,5
3 143;1,5;1,5
3 144;1,5;1,5
3 145;1,5;1,5
3 146;1,5;1,5
3 147;1,5;1,5
3 148;1,5;1,5
3 149;1,5;1,5
3 150;1,5;1,5
3 151;1,5;1,5
3 152;1,5;1,5
3 153;1,5;1,5
3 154;1,5;1,5
3 155;1,49916;1,5
3 156;1,49742;1,49864
3 157;1,49777;1,4982
3 158;1,49799;1,4982
3 159;1,49735;1,4982
3 160;1,49751;1,4982
3 161;1,49751;1,4981
3 162;1,49747;1,4981
3 163;1,49739;1,49776
3 164;1,49743;1,49776
3 165;1,49748;1,49756
3 166;1,49724;1,49738
3 167;1,38477;1,49738
3 168;1,39232;1,4925
3 169;1,29922;1,41053
3 170;1,07429;1,34726
3 171;1,1;1,34121
3 172;1,24225;1,33158
3 173;1,13934;1,30248
3 174;1,17611;1,19878
3 175;1,18429;1,19878
3 176;1,18298;1,19307
3 177;1,17888;1,19307
3 178;1,1886;1,19307
3 179;1,18991;1,1911
3 180;1,18766;1,18989
3 181;1,18802;1,18896
3 182;1,18819;1,18876
3 183;1,18846;1,18876
3 184;1,18806;1,18833
3 185;1,18814;1,18828
3 186;1,18496;1,18828
3 187;1,18496;1,1866
3 188;1,18562;1,18616
3 189;1,18568;1,18616
3 190;1,1858;1,1861
3 191;1,18584;1,18598
3 192;1,18587;1,18598
3 193;1,17051;1,17849
3 194;1,17051;1,17453
3 195;1,14374;1,171
3 196;1,14586;1,16595
3 197;1,14586;1,16595
3 198;1,08991;1,16595
3 199;1,08991;1,1526
3 200;1,1;1,13971
3 201;1,10772;1,12485
3 202;1,10308;1,10909
3 203;1,10119;1,106
3 204;1,10266;1,10462
3 205;1,10365;1,10462
3 206;1,1012;1,10462
3 207;1,1024;1,10398
3 208;1,10287;1,10374
3 209;1,10334;1,10374
3 210;1,10015;1,10374
3 211;1,10212;1,10374
3 212;1,10256;1,10374
3 213;1,10337;1,10374
3 214;1,10298;1,10344
3 215;1,10235;1,1031
3 216;1,10125;1,1031
3 217;1,10239;1,10291
3 218;1,10038;1,10291
3 219;1,10137;1,10291
3 220;1,10224;1,10291
3 221;1,10254;1,10282
3 222;1,10253;1,10282
3 223;1,10262;1,1027
3 224;1,1;1,10266
3 225;1,09909;1,10097
3 226;1,10049;1,10097
3 227;1,10049;1,10072
3 228;1,10062;1,10069
3 229;1,10043;1,10051
3 230;1,10045;1,10051
3 231;1,10015;1,1005
3 232;1,10036;1,1005
3 233;1,1;1,1005
3 234;1,1;1,10031
3 235;1,09998;1,1003
3 236;1,09998;1,1003
3 237;1,10014;1,10024
3 238;1,1;1,10012
3 239;1,10003;1,10012
3 240;1,10006;1,10009
3 241;1,10002;1,10009
3 242;1,09996;1,10009
3 243;1,10002;1,10007
3 244;1,1;1,10002
3 245;1,09998;1,10007
3 246;1,1;1,10005
3 247;1,09998;1,10005
3 248;1,10003;1,10005
3 249;1,10002;1,10005
3 250;1,10004;1,10005
3 251;1,1;1,10003
3 252;1,10002;1,10003
3 253;1,10001;1,10003
3 254;1,10001;1,10003
3 255;1,10002;1,10003
3 256;1,10001;1,10003
3 257;1,10001;1,10002
3 258;1,10001;1,10002
3 259;1,10001;1,10002
3 260;1,1;1,10001
3 261;1,10001;1,10001
3 262;1,1;1,10001
3 263;1,1;1,10001
3 264;1,1;1,10001
3 265;1,1;1,10001
3 266;1,09999;1,10001
3 267;1,1;1,10001
3 268;1,1;1,10001
3 269;1,1;1,10001
3 270;1,1;1,10001
3 271;1,1;1,10001
3 272;1,1;1,1
3 273;1,1;1,1
3 274;1,1;1,1
3 275;1,1;1,1
3 276;1,1;1,1
3 277;1,1;1,1
3 278;1,1;1,1
3 279;1,1;1,1
3 280;1,1;1,1
3 281;1,1;1,1
3 282;1,1;1,1
3 283;1,1;1,1
3 284;1,1;1,1
3 285;1,1;1,1
3 286;1,1;1,1
3 287;1,1;1,1
3 288;1,1;1,1
3 289;1,1;1,1
3 290;1,1;1,1
3 291;1,1;1,1
3 292;1,1;1,1
3 293;1,1;1,1
3 294;1,1;1,1
3 295;1,1;1,1
3 296;1,1;1,1
3 297;1,1;1,1
3 298;1,1;1,1
3 299;1,1;1,1
3 300;1,1;1,1
3 301;1,1;1,1
3 302;1,1;1,1
3 303;1,1;1,1
3 304;1,1;1,1
3 305;1,1;1,1
3 306;1,1;1,1
3 307;1,1;1,1
3 308;1,1;1,1
3 309;1,1;1,1
3 310;1,1;1,1
3 311;1,1;1,1
3 312;1,1;1,1
3 313;1,1;1,1
3 314;1,1;1,1
3 315;1,1;1,1
3 316;1,1;1,1
3 317;1,1;1,1
3 318;1,1;1,1
3 319;1,1;1,1
3 320;1,1;1,1
3 321;1,1;1,1
3 322;1,1;1,1
3 323;1,1;1,1
3 324;1,1;1,1
3 325;1,1;1,1
3 326;1,1;1,1
3 327;1,1;1,1
3 328;1,1;1,1
3 329;1,1;1,1
3 330;1,1;1,1
3 331;1,1;1,1
3 332;1,1;1,1
3 333;1,1;1,1
3 334;1,1;1,1
3 335;1,1;1,1
3 336;1,1;1,1
3 337;1,1;1,1
3 338;1,1;1,1
3 339;1,1;1,1
3 340;1,1;1,1
3 341;1,1;1,1
3 342;1,1;1,1
3 343;1,1;1,1
3 344;1,1;1,1
3 345;1,1;1,1
3 346;1,1;1,1
3 347;1,1;1,1
3 348;1,1;1,1
3 349;1,1;1,1
3 350;1,1;1,1
3 351;1,1;1,1
3 352;1,1;1,1
3 353;1,1;1,1
3 354;1,1;1,1
3 355;1,1;1,1
3 356;1,1;1,1
3 357;1,1;1,1
3 358;1,1;1,1
3 359;1,1;1,1
3 360;1,1;1,1
3 361;1,1;1,1
3 362;1,1;1,1
3 363;1,1;1,1
3 364;1,1;1,1
3 365;1,1;1,1
3 366;1,1;1,1
3 367;1,1;1,1
3 368;1,1;1,1
3 369;1,1;1,1
3 370;1,1;1,1
3 371;1,1;1,1
3 372;1,1;1,1
3 373;1,1;1,1
3 374;1,1;1,1
3 375;1,1;1,1
3 376;1,1;1,1
3 377;1,1;1,1
3 378;1,1;1,1
3 379;1,1;1,1
3 380;1,1;1,1
3 381;1,1;1,1
3 382;1,1;1,1
3 383;1,1;1,1
3 384;1,1;1,1
3 385;1,1;1,1
3 386;1,1;1,1
3 387;1,1;1,1
3 388;1,1;1,1
3 389;1,1;1,1
3 390;1,1;1,1
3 391;1,1;1,1
3 392;1,1;1,1
3 393;1,1;1,1
3 394;1,1;1,1
3 395;1,1;1,1
3 396;1,1;1,1
3 397;1,1;1,1
3 398;1,1;1,1
3 399;1,1;1,1
3 400;1,1;1,1
3 401;1,1;1,1
3 402;1,1;1,1
3 403;1,1;1,1
3 404;1,1;1,1
3 405;1,1;1,1
3 406;1,1;1,1
3 407;1,1;1,1
3 408;1,1;1,1
3 409;1,1;1,1
3 410;1,1;1,1
3 411;1,1;1,1
3 412;1,1;1,1
3 413;1,1;1,1
3 414;1,1;1,1
3 415;1,1;1,1
3 416;1,1;1,1
3 417;1,1;1,1
3 418;1,1;1,1
3 419;1,1;1,1
3 420;1,1;1,1
3 421;1,1;1,1
3 422;1,1;1,1
3 423;1,1;1,1
3 424;1,1;1,1
3 425;1,1;1,1
3 426;1,1;1,1
3 427;1,1;1,1
3 428;1,1;1,1
3 429;1,1;1,1
3 430;1,1;1,1
3 431;1,1;1,1
3 432;1,1;1,1
3 433;1,1;1,1
3 434;1,1;1,1
3 435;1,1;1,1
3 436;1,1;1,1
3 437;1,1;1,1
3 438;1,1;1,1
3 439;1,1;1,1
3 440;1,1;1,1
3 441;1,1;1,1
3 442;1,1;1,1
3 443;1,1;1,1
3 444;1,1;1,1
3 445;1,1;1,1
3 446;1,1;1,1
3 447;1,1;1,1
3 448;1,1;1,1
3 449;1,1;1,1
3 450;1,1;1,1
3 451;1,1;1,1
3 452;1,1;1,1
3 453;1,1;1,1
3 454;1,1;1,1
3 455;1,1;1,1
3 456;1,1;1,1
3 457;1,1;1,1
3 458;1,1;1,1
3 459;1,1;1,1
3 460;1,1;1,1
3 461;1,1;1,1
3 462;1,1;1,1
3 463;1,1;1,1
3 464;1,1;1,1
3 465;1,1;1,1
3 466;1,1;1,1
3 467;1,1;1,1
3 468;1,1;1,1
3 469;1,1;1,1
3 470;1,1;1,1
3 471;1,1;1,1
3 472;1,1;1,1
3 473;1,1;1,1
3 474;1,1;1,1
3 475;1,1;1,1
3 476;1,1;1,1
3 477;1,1;1,1
3 478;1,1;1,1
3 479;1,1;1,1
3 480;1,1;1,1
3 481;1,1;1,1
3 482;1,1;1,1
3 483;1,1;1,1
3 484;1,1;1,1
3 485;1,1;1,1
3 486;1,1;1,1
3 487;1,1;1,1
3 488;1,1;1,1
3 489;1,1;1,1
3 490;1,1;1,1
3 491;1,1;1,1
3 492;1,1;1,1
3 493;1,1;1,1
3 494;1,1;1,1
3 495;1,1;1,1
3 496;1,1;1,1
3 497;1,1;1,1
3 498;1,1;1,1
3 499;1,1;1,1
3 500;1,1;1,1
3 501;1,1;1,1
3 502;1,1;1,1
3 503;1,1;1,1
3 504;1,1;1,1
3 505;1,1;1,1
3 506;1,1;1,1
3 507;1,1;1,1
3 508;1,1;1,1
3 509;1,1;1,1
3 510;1,1;1,1
3 511;1,1;1,1
3 512;1,1;1,1
3 513;1,1;1,1
3 514;1,1;1,1
3 515;1,1;1,1
3 516;1,1;1,1
3 517;1,1;1,1
3 518;1,1;1,1
3 519;1,1;1,1
3 520;1,1;1,1
3 521;1,1;1,1
3 522;1,1;1,1
3 523;1,1;1,1
3 524;1,1;1,1
3 525;1,1;1,1
3 526;1,1;1,1
3 527;1,1;1,1
3 528;1,1;1,1
3 529;1,1;1,1
3 530;1,1;1,1
3 531;1,1;1,1
3 532;1,1;1,1
3 533;1,1;1,1
3 534;1,1;1,1
3 535;1,1;1,1
3 536;1,1;1,1
3 537;1,1;1,1
3 538;1,1;1,1
3 539;1,1;1,1
3 540;1,1;1,1
3 541;1,1;1,1
3 542;1,1;1,1
3 543;1,1;1,1
3 544;1,1;1,1
3 545;1,1;1,1
3 546;1,1;1,1
3 547;1,1;1,1
3 548;1,1;1,1
3 549;1,1;1,1
3 550;1,1;1,1
3 551;1,1;1,1
3 552;1,1;1,1
3 553;1,1;1,1
3 554;1,1;1,1
3 555;1,1;1,1
3 556;1,1;1,1
3 557;1,1;1,1
3 558;1,1;1,1
3 559;1,1;1,1
3 560;1,1;1,1
3 561;1,1;1,1
3 562;1,1;1,1
3 563;1,1;1,1
3 564;1,1;1,1
3 565;1,1;1,1
3 566;1,1;1,1
3 567;1,1;1,1
3 568;1,1;1,1
3 569;1,1;1,1
3 570;1,1;1,1
3 571;1,1;1,1
3 572;1,1;1,1
3 573;1,1;1,1
3 574;1,1;1,1
3 575;1,1;1,1
3 576;1,1;1,1
3 577;1,1;1,1
3 578;1,1;1,1
3 579;1,1;1,1
3 580;1,1;1,1
3 581;1,1;1,1
3 582;1,1;1,1
3 583;1,1;1,1
3 584;1,1;1,1
3 585;1,1;1,1
3 586;1,1;1,1
3 587;1,1;1,1
3 588;1,1;1,1
3 589;1,1;1,1
3 590;1,1;1,1
3 591;1,1;1,1
3 592;1,1;1,1
3 593;1,1;1,1
3 594;1,1;1,1
3 595;1,1;1,1
3 596;1,1;1,1
3 597;1,1;1,1
3 598;1,1;1,1
3 599;1,1;1,1
3 600;1,1;1,1
3 601;1,1;1,1
3 602;1,1;1,1
3 603;1,1;1,1
3 604;1,1;1,1
3 605;1,1;1,1
3 606;1,1;1,1
3 607;1,1;1,1
3 608;1,1;1,1
3 609;1,1;1,1
3 610;1,1;1,1
3 611;1,1;1,1
3 612;1,1;1,1
3 613;1,1;1,1
3 614;1,1;1,1
3 615;1,1;1,1
3 616;1,1;1,1
3 617;1,1;1,1
3 618;1,1;1,1
3 619;1,1;1,1
3 620;1,1;1,1
3 621;1,1;1,1
3 622;1,1;1,1
3 623;1,1;1,1
3 624;1,1;1,1
3 625;1,1;1,1
3 626;1,1;1,1
3 627;1,1;1,1
3 628;1,1;1,1
3 629;1,1;1,1
3 630;1,1;1,1
3 631;1,1;1,1
3 632;1,1;1,1
3 633;1,1;1,1
3 634;1,1;1,1
3 635;1,1;1,1
3 636;1,1;1,1
3 637;1,1;1,1
3 638;1,1;1,1
3 639;1,1;1,1
3 640;1,1;1,1
3 641;1,1;1,1
3 642;1,1;1,1
3 643;1,1;1,1
3 644;1,1;1,1
3 645;1,1;1,1
3 646;1,1;1,1
3 647;1,1;1,1
3 648;1,1;1,1
3 649;1,1;1,1
3 650;1,1;1,1
3 651;1,1;1,1
3 652;1,1;1,1
3 653;1,1;1,1
3 654;1,1;1,1
3 655;1,1;1,1
3 656;1,1;1,1
3 657;1,1;1,1
3 658;1,1;1,1
3 659;1,1;1,1
3 660;1,1;1,1
3 661;1,1;1,1
3 662;1,1;1,1
3 663;1,1;1,1
3 664;1,1;1,1
3 665;1,1;1,1
3 666;1,1;1,1
3 667;1,1;1,1
3 668;1,1;1,1
3 669;1,1;1,1
3 670;1,1;1,1
3 671;1,1;1,1
3 672;1,1;1,1
3 673;1,1;1,1
3 674;1,1;1,1
3 675;1,1;1,1
3 676;1,1;1,1
3 677;1,1;1,1
3 678;1,1;1,1
3 679;1,1;1,1
3 680;1,1;1,1
3 681;1,1;1,1
3 682;1,1;1,1
3 683;1,1;1,1
3 684;1,1;1,1
3 685;1,1;1,1
3 686;1,1;1,1
3 687;1,1;1,1
3 688;1,1;1,1
3 689;1,1;1,1
3 690;1,1;1,1
3 691;1,1;1,1
3 692;1,1;1,1
3 693;1,1;1,1
3 694;1,1;1,1
3 695;1,1;1,1
3 696;1,1;1,1
3 697;1,1;1,1
3 698;1,1;1,1
3 699;1,1;1,1
3 700;1,1;1,1
3 701;1,1;1,1
3 702;1,1;1,1
3 703;1,1;1,1
3 704;1,1;1,1
3 705;1,1;1,1
3 706;1,1;1,1
3 707;1,1;1,1
3 708;1,1;1,1
3 709;1,1;1,1
3 710;1,1;1,1
3 711;1,1;1,1
3 712;1,1;1,1
3 713;1,1;1,1
3 714;1,1;1,1
3 715;1,1;1,1
3 716;1,1;1,1
3 717;1,1;1,1
3 718;1,1;1,1
3 719;1,1;1,1
3 720;1,1;1,1
3 721;1,1;1,1
3 722;1,1;1,1
3 723;1,1;1,1
3 724;1,1;1,1
3 725;1,1;1,1
3 726;1,1;1,1
3 727;1,1;1,1
3 728;1,1;1,1
3 729;1,1;1,1
3 730;1,1;1,1
3 731;1,1;1,1
3 732;1,1;1,1
3 733;1,1;1,1
3 734;1,1;1,1
3 735;1,1;1,1
3 736;1,1;1,1
3 737;1,1;1,1
3 738;1,1;1,1
3 739;1,1;1,1
3 740;1,1;1,1
3 741;1,1;1,1
3 742;1,1;1,1
3 743;1,1;1,1
3 744;1,1;1,1
3 745;1,1;1,1
3 746;1,1;1,1
3 747;1,1;1,1
3 748;1,1;1,1
3 749;1,1;1,1
3 750;1,1;1,1
3 751;1,1;1,1
3 752;1,1;1,1
3 753;1,1;1,1
3 754;1,1;1,1
3 755;1,1;1,1
3 756;1,1;1,1
3 757;1,1;1,1
3 758;1,1;1,1
3 759;1,1;1,1
3 760;1,1;1,1
3 761;1,1;1,1
3 762;1,1;1,1
3 763;1,1;1,1
3 764;1,1;1,1
3 765;1,1;1,1
3 766;1,1;1,1
3 767;1,1;1,1
3 768;1,1;1,1
3 769;1,1;1,1
3 770;1,1;1,1
3 771;1,1;1,1
3 772;1,1;1,1
3 773;1,1;1,1
3 774;1,1;1,1
3 775;1,1;1,1
3 776;1,1;1,1
3 777;1,1;1,1
3 778;1,1;1,1
3 779;1,1;1,1
3 780;1,1;1,1
3 781;1,1;1,1
3 782;1,1;1,1
3 783;1,1;1,1
3 784;1,1;1,1
3 785;1,1;1,1
3 786;1,1;1,1
3 787;1,1;1,1
3 788;1,1;1,1
3 789;1,1;1,1
3 790;1,1;1,1
3 791;1,1;1,1
3 792;1,1;1,1
3 793;1,1;1,1
3 794;1,1;1,1
3 795;1,1;1,1
3 796;1,1;1,1
3 797;1,1;1,1
3 798;1,1;1,1
3 799;1,1;1,1
3 800;1,1;1,1
3 801;1,1;1,1
3 802;1,1;1,1
3 803;1,1;1,1
3 804;1,1;1,1
3 805;1,1;1,1
3 806;1,1;1,1
3 807;1,1;1,1
3 808;1,1;1,1
3 809;1,1;1,1
3 810;1,1;1,1
3 811;1,1;1,1
3 812;1,1;1,1
3 813;1,1;1,1
3 814;1,1;1,1
3 815;1,1;1,1
3 816;1,1;1,1
3 817;1,1;1,1
3 818;1,1;1,1
3 819;1,1;1,1
3 820;1,1;1,1
3 821;1,1;1,1
3 822;1,1;1,1
3 823;1,1;1,1
3 824;1,1;1,1
3 825;1,1;1,1
3 826;1,1;1,1
3 827;1,1;1,1
3 828;1,1;1,1
3 829;1,1;1,1
3 830;1,1;1,1
3 831;1,1;1,1
3 832;1,1;1,1
3 833;1,1;1,1
3 834;1,1;1,1
3 835;1,1;1,1
3 836;1,1;1,1
3 837;1,1;1,1
3 838;1,1;1,1
3 839;1,1;1,1
3 840;1,1;1,1
3 841;1,1;1,1
3 842;1,1;1,1
3 843;1,1;1,1
3 844;1,1;1,1
3 845;1,1;1,1
3 846;1,1;1,1
3 847;1,1;1,1
3 848;1,1;1,1
3 849;1,1;1,1
3 850;1,1;1,1
3 851;1,1;1,1
3 852;1,1;1,1
3 853;1,1;1,1
3 854;1,1;1,1
3 855;1,1;1,1
3 856;1,1;1,1
3 857;1,1;1,1
3 858;1,1;1,1
3 859;1,1;1,1
3 860;1,1;1,1
3 861;1,1;1,1
3 862;1,1;1,1
3 863;1,1;1,1
3 864;1,1;1,1
3 865;1,1;1,1
3 866;1,1;1,1
3 867;1,1;1,1
3 868;1,1;1,1
3 869;1,1;1,1
3 870;1,1;1,1
3 871;1,1;1,1
3 872;1,1;1,1
3 873;1,1;1,1
3 874;1,1;1,1
3 875;1,1;1,1
3 876;1,1;1,1
3 877;1,1;1,1
3 878;1,1;1,1
3 879;1,1;1,1
3 880;1,1;1,1
3 881;1,1;1,1
3 882;1,1;1,1
3 883;1,1;1,1
3 884;1,1;1,1
3 885;1,1;1,1
3 886;1,1;1,1
3 887;1,1;1,1
3 888;1,1;1,1
3 889;1,1;1,1
3 890;1,1;1,1
3 891;1,1;1,1
3 892;1,1;1,1
3 893;1,1;1,1
3 894;1,1;1,1
3 895;1,1;1,1
3 896;1,1;1,1
3 897;1,1;1,1
3 898;1,1;1,1
3 899;1,1;1,1
3 900;1,1;1,1
3 901;1,1;1,1
3 902;1,1;1,1
3 903;1,1;1,1
3 904;1,1;1,1
3 905;1,1;1,1
3 906;1,1;1,1
3 907;1,1;1,1
3 908;1,1;1,1
3 909;1,1;1,1
3 910;1,1;1,1
3 911;1,1;1,1
3 912;1,1;1,1
3 913;1,1;1,1
3 914;1,1;1,1
3 915;1,1;1,1
3 916;1,1;1,1
3 917;1,1;1,1
3 918;1,1;1,1
3 919;1,1;1,1
3 920;1,1;1,1
3 921;1,1;1,1
3 922;1,1;1,1
3 923;1,1;1,1
3 924;1,1;1,1
3 925;1,1;1,1
3 926;1,1;1,1
3 927;1,1;1,1
3 928;1,1;1,1
3 929;1,1;1,1
3 930;1,1;1,1
3 931;1,1;1,1
3 932;1,1;1,1
3 933;1,1;1,1
3 934;1,1;1,1
3 935;1,1;1,1
3 936;1,1;1,1
3 937;1,1;1,1
3 938;1,1;1,1
3 939;1,1;1,1
3 940;1,1;1,1
3 941;1,1;1,1
3 942;1,1;1,1
3 943;1,1;1,1
3 944;1,1;1,1
3 945;1,1;1,1
3 946;1,1;1,1
3 947;1,1;1,1
3 948;1,1;1,1
3 949;1,1;1,1
3 950;1,1;1,1
3 951;1,1;1,1
3 952;1,1;1,1
3 953;1,1;1,1
3 954;1,1;1,1
3 955;1,1;1,1
3 956;1,1;1,1
3 957;1,1;1,1
3 958;1,1;1,1
3 959;1,1;1,1
3 960;1,1;1,1
3 961;1,1;1,1
3 962;1,1;1,1
3 963;1,1;1,1
3 964;1,1;1,1
3 965;1,1;1,1
3 966;1,1;1,1
3 967;1,1;1,1
3 968;1,1;1,1
3 969;1,1;1,1
3 970;1,1;1,1
3 971;1,1;1,1
3 972;1,1;1,1
3 973;1,1;1,1
3 974;1,1;1,1
3 975;1,1;1,1
3 976;1,1;1,1
3 977;1,1;1,1
3 978;1,1;1,1
3 979;1,1;1,1
3 980;1,1;1,1
3 981;1,1;1,1
3 982;1,1;1,1
3 983;1,1;1,1
3 984;1,1;1,1
3 985;1,1;1,1
3 986;1,1;1,1
3 987;1,1;1,1
3 988;1,1;1,1
3 989;1,1;1,1
3 990;1,1;1,1
3 991;1,1;1,1
3 992;1,1;1,1
3 993;1,1;1,1
3 994;1,1;1,1
3 995;1,1;1,1
3 996;1,1;1,1
3 997;1,1;1,1
3 998;1,1;1,1
3 999;1,1;1,1
4 000;1,1;1,1
4 001;1,1;1,1
4 002;1,1;1,1
4 003;1,1;1,1
4 004;1,1;1,1
4 005;1,1;1,1
4 006;1,1;1,1
4 007;1,1;1,1
4 008;1,1;1,1
4 009;1,1;1,1
4 010;1,1;1,1
4 011;1,1;1,1
4 012;1,1;1,1
4 013;1,1;1,1
4 014;1,1;1,1
4 015;1,1;1,1
4 016;1,1;1,1
4 017;1,1;1,1
4 018;1,1;1,1
4 019;1,1;1,1
4 020;1,1;1,1
4 021;1,1;1,1
4 022;1,1;1,1
4 023;1,1;1,1
4 024;1,1;1,1
4 025;1,1;1,1
4 026;1,1;1,1
4 027;1,1;1,1
4 028;1,1;1,1
4 029;1,1;1,1
4 030;1,1;1,1
4 031;1,1;1,1
4 032;1,1;1,1
4 033;1,1;1,1
4 034;1,1;1,1
4 035;1,1;1,1
4 036;1,1;1,1
4 037;1,1;1,1
4 038;1,1;1,1
4 039;1,1;1,1
4 040;1,1;1,1
4 041;1,1;1,1
4 042;1,1;1,1
4 043;1,1;1,1
4 044;1,1;1,1
4 045;1,1;1,1
4 046;1,1;1,1
4 047;1,1;1,1
4 048;1,1;1,1
4 049;1,1;1,1
4 050;1,1;1,1
4 051;1,1;1,1
4 052;1,1;1,1
4 053;1,1;1,1
4 054;1,1;1,1
4 055;1,1;1,1
